dw_date,2000,2001,2002,2003,2004,2005,2006,2007,2008,2009,2010,2011,2012,2013,2014,2015,2016,2017,2018,2019,2020,2021,2022,2023,2024,2025
01/01/2050,93.4,100.0,100.0,100.0,99.7,100.0,95.2,85.0,100.0,77.9,80.6,97.5,79.1,81.9,84.4,75.5,100.0,100.0,92.7,100.0,93.4,89.0,99.4,79.6,60.3,50.2
01/02/2050,93.3,100.0,100.0,100.0,99.7,100.0,95.2,85.0,100.0,77.8,80.6,97.5,79.1,81.8,84.4,75.5,100.0,100.0,92.7,100.0,93.4,88.9,99.4,79.6,60.3,50.1
01/03/2050,93.4,100.0,100.0,100.0,99.7,100.0,95.2,85.0,100.0,77.8,80.7,97.5,79.0,81.8,84.3,75.6,100.0,100.0,92.7,100.0,93.4,88.9,99.3,79.6,60.3,50.1
01/04/2050,93.4,100.0,100.0,100.0,99.8,100.0,95.2,85.1,100.0,77.8,80.7,97.5,79.0,81.8,84.3,75.6,100.0,100.0,92.6,100.0,93.4,88.9,99.2,79.5,60.3,50.0
01/05/2050,93.3,100.0,100.0,99.7,99.8,100.0,95.2,85.1,100.0,77.8,80.7,97.5,79.0,81.8,84.3,75.5,100.0,100.0,92.6,100.0,93.3,88.9,99.2,79.4,60.3,50.0
01/06/2050,93.2,100.0,100.0,99.6,99.7,100.0,95.1,85.2,100.0,77.8,80.7,97.5,79.0,81.8,84.3,75.5,100.0,100.0,92.6,100.0,93.3,88.9,99.2,79.4,60.3,50.0
01/07/2050,93.2,100.0,100.0,99.8,99.7,100.0,95.1,85.2,100.0,77.8,80.7,97.4,79.0,81.7,84.2,75.5,100.0,100.0,92.5,100.0,93.3,88.9,99.1,79.4,60.2,49.9
01/08/2050,93.4,100.0,100.0,100.0,99.7,100.0,95.0,85.2,100.0,77.7,80.7,97.4,78.9,81.7,84.2,75.5,100.0,100.0,92.5,100.0,93.3,88.8,99.0,79.4,60.2,49.8
01/09/2050,93.4,100.0,100.0,100.0,99.7,99.8,95.0,85.2,100.0,77.7,80.7,97.6,79.0,82.1,84.2,75.4,100.0,100.0,92.5,100.0,93.2,88.8,99.0,79.3,60.2,49.8
01/10/2050,93.4,100.0,100.0,100.0,99.7,99.7,95.0,85.1,100.0,77.7,80.6,97.7,78.9,82.1,84.2,75.4,100.0,100.0,92.5,100.0,93.3,88.8,99.0,79.3,60.2,49.8
01/11/2050,93.4,100.0,100.0,100.0,99.7,99.7,95.0,85.1,100.0,77.7,80.6,97.6,78.9,82.2,84.2,75.5,100.0,100.0,92.5,100.0,93.4,88.9,98.9,79.3,60.1,49.8
01/12/2050,93.4,100.0,100.0,100.0,99.7,99.8,95.0,85.2,100.0,77.6,80.6,97.6,78.9,82.3,84.2,75.5,100.0,100.0,92.4,100.0,93.3,88.9,98.9,79.2,60.1,49.7
01/13/2050,93.4,100.0,100.0,100.0,99.7,99.8,95.0,85.4,100.0,77.6,80.7,97.5,78.8,82.3,84.2,75.4,100.0,100.0,92.4,100.0,93.3,88.8,98.9,79.1,60.0,49.7
01/14/2050,93.4,100.0,100.0,100.0,99.7,99.8,94.9,85.7,100.0,77.5,80.7,97.5,78.8,82.3,84.2,75.4,100.0,100.0,92.4,100.0,93.3,88.8,98.8,79.1,60.0,49.6
01/15/2050,93.4,100.0,100.0,100.0,99.8,99.9,94.8,85.9,100.0,77.5,81.1,97.6,78.7,82.3,84.2,75.4,100.0,100.0,92.3,100.0,93.3,88.8,98.8,79.0,59.9,49.6
01/16/2050,93.3,100.0,100.0,100.0,100.0,99.9,94.9,86.0,100.0,77.5,81.6,97.7,78.7,82.2,84.1,75.4,100.0,100.0,92.3,100.0,93.3,88.7,98.6,79.0,59.9,49.6
01/17/2050,93.3,100.0,100.0,100.0,100.0,99.9,94.8,,100.0,77.5,82.1,97.7,78.7,82.2,84.1,75.4,100.0,100.0,92.3,100.0,93.4,88.7,98.6,78.9,59.8,49.6
01/18/2050,93.3,100.0,100.0,100.0,100.0,99.9,94.8,86.2,100.0,77.4,82.4,97.7,78.7,82.2,84.1,75.4,100.0,100.0,92.2,100.0,93.4,88.7,98.5,78.9,59.7,49.5
01/19/2050,93.3,100.0,100.0,100.0,100.0,99.9,94.7,86.3,100.0,77.4,82.7,97.6,78.7,82.1,84.1,75.4,100.0,100.0,92.2,100.0,93.4,88.6,98.5,78.9,59.7,49.5
01/20/2050,93.3,100.0,100.0,100.0,100.0,99.9,94.7,86.4,100.0,77.4,82.9,97.7,78.7,82.1,84.1,75.4,99.9,100.0,92.2,100.0,93.5,88.7,98.5,78.8,59.6,49.4
01/21/2050,93.3,100.0,100.0,100.0,100.0,100.0,94.7,86.4,100.0,77.3,83.2,97.6,78.7,82.1,84.0,75.4,99.9,100.0,92.2,100.0,93.5,88.7,98.4,78.7,59.6,49.4
01/22/2050,93.3,100.0,100.0,100.0,100.0,100.0,94.7,86.5,100.0,77.3,83.3,97.6,78.6,82.1,84.0,75.8,99.9,100.0,92.2,100.0,93.6,88.7,98.3,78.7,59.8,49.3
01/23/2050,93.3,100.0,100.0,100.0,100.0,100.0,94.7,86.5,100.0,77.3,83.6,97.6,78.6,82.1,84.0,76.3,99.8,100.0,92.2,100.0,93.6,88.7,98.3,78.6,59.9,49.3
01/24/2050,93.3,100.0,100.0,100.0,100.0,100.0,94.7,86.7,100.0,77.3,83.7,97.6,78.6,82.1,84.0,76.5,99.8,100.0,92.2,100.0,93.6,88.7,98.2,78.7,60.1,49.2
01/25/2050,93.2,100.0,100.0,100.0,100.0,100.0,94.7,86.8,100.0,77.2,83.8,97.5,79.5,82.1,84.0,76.7,99.8,100.0,92.2,100.0,93.6,88.7,98.2,78.6,60.2,49.2
01/26/2050,93.2,100.0,100.0,100.0,100.0,100.0,94.6,86.9,100.0,,83.9,97.5,80.0,82.1,83.9,76.8,99.8,100.0,92.1,100.0,93.6,88.7,98.2,78.6,60.3,49.2
01/27/2050,93.1,100.0,100.0,100.0,100.0,100.0,94.6,86.9,100.0,,84.0,97.5,80.0,82.1,83.9,76.8,99.8,100.0,92.1,100.0,93.6,88.7,98.1,78.5,60.4,49.2
01/28/2050,93.2,100.0,100.0,100.0,100.0,100.0,94.7,87.0,100.0,77.2,84.2,97.5,80.0,82.1,83.9,76.9,99.7,100.0,92.1,100.0,93.7,88.6,98.1,78.5,60.4,49.1
01/29/2050,93.2,100.0,100.0,100.0,100.0,100.0,94.7,87.0,100.0,77.2,84.8,97.4,80.0,82.1,83.8,77.0,99.7,100.0,92.1,100.0,93.7,88.6,98.1,78.5,60.4,49.1
01/30/2050,93.1,100.0,100.0,100.0,100.0,100.0,94.7,87.0,100.0,77.2,85.3,97.4,80.0,82.1,83.8,77.0,99.7,100.0,92.1,100.0,93.6,88.6,98.1,78.5,60.4,49.1
01/31/2050,93.1,100.0,100.0,100.0,100.0,100.0,94.6,87.1,100.0,77.1,85.8,97.4,80.1,82.0,83.8,77.0,99.7,100.0,92.1,100.0,93.6,88.6,98.1,78.5,60.4,49.1
02/01/2050,93.1,100.0,100.0,100.0,100.0,100.0,94.6,87.1,100.0,77.1,86.3,97.5,80.1,82.0,83.8,77.1,99.7,100.0,92.1,100.0,93.6,88.6,98.1,78.5,60.4,49.1
02/02/2050,93.2,100.0,100.0,100.0,100.0,100.0,94.7,87.1,100.0,77.1,86.6,97.4,80.1,82.0,83.8,77.1,99.7,100.0,92.0,100.0,93.6,88.5,98.2,78.5,60.4,49.1
02/03/2050,93.2,100.0,100.0,100.0,100.0,100.0,94.6,87.1,100.0,77.0,87.2,97.3,80.1,81.9,83.8,77.1,99.7,100.0,92.0,100.0,93.6,88.5,98.7,78.5,60.5,49.1
02/04/2050,93.2,100.0,100.0,100.0,100.0,100.0,94.6,87.1,100.0,77.0,88.7,97.2,80.2,81.9,83.8,77.2,99.7,100.0,92.0,100.0,93.6,88.5,98.6,78.4,60.5,49.0
02/05/2050,93.2,100.0,100.0,100.0,100.0,100.0,94.6,87.1,100.0,77.0,90.7,97.2,80.1,81.9,83.8,77.2,99.7,100.0,92.0,100.0,93.6,88.5,98.6,78.4,60.5,49.0
02/06/2050,93.2,100.0,100.0,100.0,100.0,100.0,94.5,87.1,100.0,77.0,92.2,97.2,80.1,81.9,83.7,77.2,99.7,100.0,92.0,100.0,93.5,88.5,98.6,78.3,60.5,49.0
02/07/2050,93.2,100.0,100.0,100.0,99.9,100.0,94.5,87.1,100.0,77.0,93.3,97.1,80.1,81.9,83.7,77.2,99.7,100.0,91.9,100.0,93.4,88.4,98.6,78.3,60.4,49.0
02/08/2050,93.2,100.0,100.0,100.0,99.9,100.0,94.4,87.2,100.0,76.9,94.3,97.0,80.1,81.9,83.7,77.2,99.6,100.0,91.9,100.0,93.4,88.4,98.6,78.4,60.4,49.0
02/09/2050,93.1,100.0,100.0,100.0,99.9,100.0,94.4,87.2,100.0,77.0,95.1,97.1,80.1,81.9,83.7,77.2,99.6,100.0,91.9,100.0,93.4,88.4,98.5,78.4,60.4,49.0
02/10/2050,93.1,100.0,100.0,100.0,100.0,99.9,94.4,87.1,100.0,77.0,95.7,97.0,80.1,81.9,83.7,77.2,99.6,100.0,91.9,100.0,93.5,88.4,98.5,78.3,60.5,48.9
02/11/2050,93.1,100.0,100.0,100.0,100.0,99.9,94.4,87.1,100.0,77.0,96.4,97.0,80.0,81.9,83.6,77.2,99.6,100.0,91.9,100.0,93.5,88.4,98.5,78.3,60.6,49.0
02/12/2050,93.1,100.0,100.0,100.0,100.0,100.0,94.3,87.1,100.0,77.0,97.0,96.9,80.0,81.9,83.6,77.3,99.6,100.0,91.8,100.0,93.7,88.4,98.5,78.2,60.6,49.1
02/13/2050,93.1,100.0,100.0,100.0,100.0,100.0,94.2,87.2,100.0,77.0,97.6,96.9,80.0,81.9,83.6,77.3,99.6,100.0,91.8,100.0,93.7,88.4,98.5,78.2,60.6,49.1
02/14/2050,93.1,100.0,100.0,100.0,100.0,100.0,94.2,87.1,100.0,77.0,98.2,96.9,80.0,81.9,83.6,77.3,99.6,100.0,91.8,100.0,93.7,88.3,98.5,78.1,60.6,49.0
02/15/2050,93.1,100.0,100.0,100.0,100.0,100.0,94.2,87.1,100.0,76.9,98.7,96.8,80.0,81.9,83.5,77.3,99.7,100.0,91.8,100.0,93.7,88.4,98.4,78.1,60.5,49.0
02/16/2050,93.1,100.0,100.0,100.0,100.0,100.0,94.1,87.1,100.0,76.9,99.1,96.8,80.0,81.8,83.5,77.3,99.7,100.0,91.8,100.0,93.7,88.3,98.4,78.1,60.5,49.0
02/17/2050,93.1,100.0,100.0,100.0,100.0,100.0,94.1,87.0,100.0,76.9,99.5,96.8,80.0,81.8,83.5,77.3,99.6,100.0,91.8,100.0,93.7,88.3,98.4,78.0,60.5,48.9
02/18/2050,93.0,100.0,100.0,100.0,100.0,100.0,94.1,87.0,100.0,76.9,99.9,96.8,80.4,81.8,83.5,77.3,99.6,100.0,91.8,100.0,93.7,88.3,98.4,78.0,60.5,48.9
02/19/2050,93.1,100.0,100.0,99.9,100.0,100.0,94.0,87.0,100.0,76.8,100.0,96.8,80.5,81.7,83.5,77.2,99.6,100.0,91.8,100.0,93.7,88.3,98.4,77.9,60.5,48.9
02/20/2050,93.0,100.0,100.0,99.8,100.0,100.0,94.0,87.0,100.0,76.8,100.0,96.8,80.7,81.7,83.5,77.2,99.7,100.0,91.8,,93.7,88.2,98.3,77.9,60.5,48.8
02/21/2050,93.0,100.0,100.0,100.0,100.0,100.0,94.0,87.0,100.0,76.8,100.0,96.8,80.8,81.7,83.5,77.2,99.7,100.0,91.8,100.0,93.7,88.2,98.3,77.9,60.5,48.7
02/22/2050,92.9,100.0,100.0,100.0,100.0,100.0,93.9,86.9,100.0,76.7,100.0,96.8,80.9,81.7,83.5,77.3,99.7,100.0,91.8,100.0,93.7,88.2,98.3,77.8,60.4,48.7
02/23/2050,93.2,100.0,100.0,100.0,100.0,100.0,93.9,86.9,100.0,76.7,100.0,96.8,80.9,81.7,83.5,77.3,100.0,100.0,91.9,100.0,93.7,88.2,98.3,77.8,60.4,48.7
02/24/2050,93.2,100.0,100.0,100.0,100.0,100.0,93.9,87.0,100.0,76.7,100.0,96.7,81.0,81.6,83.4,77.2,100.0,100.0,92.0,100.0,93.7,88.1,98.3,77.8,60.4,48.6
02/25/2050,93.2,100.0,100.0,,100.0,100.0,93.9,86.9,100.0,76.6,100.0,96.7,80.9,81.7,83.4,77.2,100.0,100.0,92.0,,93.7,88.1,98.2,77.7,60.4,
02/26/2050,93.2,100.0,100.0,100.0,100.0,100.0,93.9,86.9,100.0,76.6,100.0,96.7,80.9,81.6,83.4,77.2,100.0,100.0,92.0,,93.7,88.2,98.2,77.7,60.4,
02/27/2050,93.3,100.0,100.0,100.0,100.0,100.0,93.9,86.9,100.0,76.6,100.0,96.7,80.9,81.5,83.4,77.2,100.0,100.0,92.0,100.0,93.6,88.2,98.2,77.6,60.4,
02/28/2050,93.2,100.0,100.0,100.0,99.9,100.0,93.9,86.9,100.0,76.6,100.0,96.7,80.9,81.5,83.4,77.2,100.0,100.0,92.1,,93.5,88.2,98.2,77.6,60.4,
02/29/2050,93.2,,,,99.9,,,,100.0,,,,81.0,,,,100.0,,,,93.5,,,,60.3,
03/01/2050,93.2,100.0,100.0,100.0,99.9,100.0,93.9,86.9,100.0,76.5,100.0,96.6,81.0,81.5,83.4,77.2,100.0,100.0,92.1,,93.5,88.1,98.1,77.5,60.3,
03/02/2050,93.3,100.0,100.0,100.0,99.9,100.0,93.8,86.8,100.0,76.5,100.0,96.6,81.0,81.4,83.4,77.2,100.0,100.0,92.1,100.0,93.5,88.1,98.1,77.6,60.3,
03/03/2050,93.3,100.0,100.0,100.0,100.0,100.0,93.8,86.8,100.0,76.4,100.0,96.5,81.0,81.4,83.4,77.2,100.0,100.0,92.1,,93.5,88.1,98.1,77.6,60.3,
03/04/2050,93.3,100.0,100.0,100.0,100.0,100.0,93.8,86.8,100.0,76.4,100.0,96.5,80.9,81.3,83.3,77.2,100.0,100.0,92.1,100.0,93.6,88.0,98.1,77.5,60.2,
03/05/2050,93.2,100.0,100.0,100.0,100.0,100.0,93.8,86.7,99.9,76.3,100.0,96.5,80.9,81.3,83.3,77.3,100.0,100.0,92.1,100.0,93.6,88.0,98.1,77.5,60.2,
03/06/2050,93.2,100.0,100.0,100.0,100.0,100.0,93.8,86.7,100.0,76.3,100.0,96.4,80.9,81.3,83.3,77.2,100.0,100.0,92.1,100.0,93.6,88.0,98.1,77.5,60.2,
03/07/2050,93.2,100.0,100.0,100.0,100.0,100.0,93.7,86.7,99.9,76.3,100.0,96.3,80.9,81.2,83.2,77.2,100.0,100.0,92.1,100.0,93.6,88.0,98.1,77.4,60.2,
03/08/2050,93.2,100.0,100.0,100.0,100.0,100.0,93.7,86.6,99.8,76.3,100.0,96.2,80.9,81.2,83.2,77.2,100.0,100.0,92.0,100.0,93.6,87.9,98.0,77.4,60.2,
03/09/2050,93.2,100.0,100.0,100.0,100.0,100.0,93.7,86.6,99.8,76.3,100.0,96.2,80.9,81.2,83.3,77.4,100.0,100.0,92.0,100.0,93.6,87.9,98.0,77.4,60.1,
03/10/2050,93.2,100.0,100.0,99.8,100.0,100.0,93.7,86.6,100.0,76.3,100.0,96.1,81.0,81.4,83.3,77.5,100.0,100.0,92.0,100.0,93.7,87.9,98.0,77.3,60.1,
03/11/2050,93.2,100.0,100.0,99.3,99.9,100.0,93.6,86.6,100.0,76.3,100.0,96.1,81.2,81.3,83.3,77.5,100.0,100.0,92.0,100.0,93.7,87.9,98.0,77.3,60.0,
03/12/2050,93.1,100.0,100.0,99.7,99.9,100.0,93.6,91.1,100.0,76.5,100.0,96.0,81.3,81.3,83.3,77.5,100.0,100.0,91.9,100.0,93.7,87.9,97.9,77.2,60.0,
03/13/2050,93.1,100.0,100.0,100.0,99.9,100.0,93.6,93.2,100.0,76.6,100.0,95.9,81.4,81.3,83.2,77.5,100.0,100.0,91.9,100.0,93.7,87.9,97.9,77.2,60.0,
03/14/2050,93.0,100.0,100.0,100.0,100.0,100.0,93.5,94.3,100.0,76.6,100.0,95.9,81.4,81.2,83.2,77.6,100.0,100.0,91.9,100.0,93.7,87.9,97.8,77.1,60.0,
03/15/2050,93.0,100.0,100.0,100.0,100.0,100.0,93.4,95.2,100.0,76.7,100.0,95.8,81.5,81.2,83.2,77.6,100.0,100.0,91.8,100.0,93.7,87.9,97.8,77.0,60.0,
03/16/2050,93.0,100.0,100.0,100.0,100.0,100.0,93.4,95.6,100.0,76.7,100.0,95.8,81.5,81.2,83.2,77.6,100.0,100.0,91.8,100.0,93.7,87.8,97.8,77.0,59.9,
03/17/2050,93.0,100.0,100.0,100.0,100.0,100.0,93.3,95.8,100.0,76.7,100.0,95.8,81.5,81.2,83.1,77.6,100.0,100.0,91.8,100.0,93.6,87.8,97.8,77.0,60.0,
03/18/2050,93.1,100.0,100.0,100.0,100.0,100.0,93.3,96.0,100.0,76.7,100.0,95.7,81.6,81.2,83.1,77.6,100.0,100.0,91.8,100.0,93.7,87.8,97.8,76.9,60.0,
03/19/2050,93.1,100.0,100.0,100.0,100.0,100.0,93.3,96.2,100.0,76.7,100.0,95.7,81.6,81.2,83.1,77.6,100.0,100.0,91.8,100.0,93.7,87.7,97.7,76.8,60.0,
03/20/2050,93.1,100.0,100.0,100.0,100.0,100.0,93.5,96.4,100.0,76.7,100.0,95.6,82.1,81.1,83.0,77.7,100.0,100.0,91.7,100.0,93.8,87.7,97.6,76.8,60.0,
03/21/2050,93.1,100.0,100.0,100.0,100.0,100.0,93.5,96.6,100.0,76.6,100.0,95.6,83.5,81.1,83.0,77.8,100.0,100.0,91.7,100.0,93.8,87.6,97.7,76.7,60.0,
03/22/2050,93.1,100.0,100.0,100.0,100.0,100.0,93.5,96.7,100.0,76.6,100.0,95.5,84.3,81.1,83.0,77.8,100.0,100.0,91.6,100.0,93.9,87.6,97.8,76.7,60.0,
03/23/2050,93.1,100.0,100.0,100.0,100.0,100.0,93.5,96.9,100.0,76.6,100.0,95.5,84.6,81.1,83.0,77.8,100.0,100.0,91.6,100.0,93.9,87.7,97.7,76.7,60.0,
03/24/2050,93.1,100.0,100.0,100.0,100.0,99.7,93.5,97.0,100.0,76.6,100.0,95.5,84.9,81.1,82.9,77.9,100.0,100.0,91.6,100.0,93.9,87.7,97.7,76.7,59.9,
03/25/2050,93.1,100.0,100.0,100.0,100.0,99.3,93.4,97.1,100.0,76.6,100.0,95.4,85.1,81.0,82.9,77.9,100.0,100.0,91.6,100.0,93.9,87.7,97.7,76.6,59.9,
03/26/2050,93.1,100.0,100.0,100.0,100.0,99.3,93.4,97.4,100.0,76.6,100.0,95.4,85.2,80.9,82.8,77.9,100.0,100.0,91.6,100.0,93.9,87.6,97.6,76.6,59.9,
03/27/2050,93.1,100.0,100.0,100.0,100.0,99.3,93.4,100.0,100.0,76.6,100.0,95.4,85.4,80.9,82.8,77.9,100.0,100.0,91.5,100.0,93.9,87.6,97.6,76.6,59.9,
03/28/2050,93.1,100.0,100.0,100.0,100.0,99.3,93.4,100.0,100.0,76.6,100.0,95.3,85.5,80.8,82.8,77.9,100.0,100.0,92.3,100.0,94.0,87.6,97.6,76.5,59.9,
03/29/2050,93.1,100.0,100.0,100.0,100.0,99.4,93.5,100.0,100.0,76.4,100.0,95.2,85.7,80.8,82.8,77.8,100.0,100.0,92.8,100.0,94.0,87.5,97.5,76.5,59.8,
03/30/2050,93.0,100.0,100.0,100.0,100.0,99.6,93.5,100.0,100.0,76.4,100.0,95.2,85.8,80.8,82.8,77.8,100.0,100.0,92.8,100.0,93.9,87.5,97.6,76.4,59.8,
03/31/2050,93.0,100.0,100.0,100.0,100.0,99.8,93.5,100.0,100.0,76.4,100.0,95.1,85.8,80.7,82.7,77.8,100.0,100.0,92.9,100.0,94.0,87.5,97.5,76.4,59.8,
04/01/2050,92.9,100.0,100.0,100.0,100.0,100.0,93.5,100.0,100.0,76.3,100.0,95.0,85.9,80.7,82.7,77.8,100.0,100.0,92.9,99.9,93.9,87.4,97.5,76.4,59.8,
04/02/2050,93.0,100.0,100.0,100.0,100.0,100.0,93.5,100.0,100.0,76.3,100.0,95.0,86.0,80.7,82.7,77.8,100.0,100.0,92.9,99.9,93.9,87.4,97.4,76.3,59.7,
04/03/2050,93.1,100.0,100.0,100.0,100.0,100.0,93.5,100.0,100.0,76.2,100.0,94.9,86.0,81.0,82.7,77.8,100.0,100.0,92.9,99.9,94.0,87.3,97.4,76.3,59.7,
04/04/2050,93.0,100.0,100.0,100.0,100.0,100.0,93.4,100.0,100.0,76.2,100.0,94.9,86.1,81.0,82.7,77.8,100.0,100.0,92.9,99.9,94.2,87.3,97.4,76.3,59.6,
04/05/2050,92.9,100.0,100.0,100.0,100.0,100.0,93.4,100.0,99.9,76.2,100.0,94.8,86.1,80.9,82.6,77.8,100.0,100.0,92.8,99.9,94.2,87.3,97.4,76.2,59.6,
04/06/2050,92.9,100.0,100.0,100.0,100.0,100.0,93.4,100.0,99.9,76.1,100.0,94.7,86.1,80.9,82.6,77.8,100.0,100.0,92.8,99.9,94.2,87.2,97.4,76.3,59.6,
04/07/2050,92.9,100.0,100.0,100.0,100.0,100.0,93.3,100.0,99.9,76.0,100.0,94.7,86.1,80.8,82.6,77.7,100.0,100.0,92.9,100.0,94.3,87.2,97.3,76.4,59.5,
04/08/2050,92.9,100.0,100.0,100.0,100.0,100.0,93.3,100.0,99.8,76.0,100.0,94.7,86.1,80.8,82.6,77.7,100.0,100.0,92.8,100.0,94.3,87.2,97.3,76.4,59.5,
04/09/2050,92.8,100.0,100.0,100.0,100.0,100.0,93.2,100.0,99.8,76.0,100.0,94.6,86.1,80.8,82.5,77.7,100.0,100.0,92.7,100.0,94.4,87.2,97.2,76.4,59.5,
04/10/2050,92.7,100.0,100.0,100.0,100.0,100.0,93.1,100.0,99.8,75.9,100.0,94.6,86.1,80.8,82.5,77.8,100.0,100.0,92.7,100.0,94.4,87.2,97.1,76.4,59.5,
04/11/2050,92.7,100.0,100.0,100.0,100.0,100.0,93.1,100.0,99.8,75.9,100.0,94.6,86.1,80.8,82.4,77.9,100.0,100.0,92.7,100.0,94.4,87.1,97.1,76.3,59.4,
04/12/2050,92.7,100.0,100.0,100.0,100.0,100.0,93.0,100.0,99.8,75.9,100.0,94.6,86.1,80.8,82.4,77.9,100.0,100.0,92.7,100.0,94.5,87.1,97.1,76.3,59.3,
04/13/2050,92.8,100.0,100.0,100.0,100.0,100.0,93.0,100.0,99.7,75.9,100.0,94.5,86.1,80.7,82.4,77.9,100.0,100.0,92.7,100.0,94.4,87.0,97.1,76.2,59.3,
04/14/2050,92.8,100.0,100.0,100.0,100.0,100.0,92.9,100.0,99.6,75.8,100.0,94.5,86.1,80.7,82.4,77.9,100.0,100.0,92.7,,94.3,87.0,97.0,76.2,59.2,
04/15/2050,92.8,100.0,100.0,100.0,100.0,100.0,92.8,100.0,99.6,75.8,100.0,94.5,86.1,80.7,82.3,77.9,100.0,100.0,92.6,,94.3,87.0,97.0,76.2,59.2,
04/16/2050,92.8,100.0,100.0,100.0,100.0,100.0,92.8,100.0,99.5,75.7,100.0,94.4,86.1,80.6,82.3,77.9,100.0,100.0,92.6,,94.3,86.9,96.9,76.1,59.1,
04/17/2050,92.8,100.0,100.0,100.0,100.0,100.0,92.7,100.0,99.5,75.9,100.0,94.3,86.1,80.6,82.2,78.1,100.0,100.0,92.5,99.9,94.3,86.9,96.9,76.1,59.1,
04/18/2050,92.8,100.0,100.0,100.0,100.0,100.0,92.7,100.0,99.6,76.1,100.0,94.3,86.0,80.6,82.2,78.3,100.0,100.0,92.5,100.0,94.3,86.9,96.9,76.0,59.1,
04/19/2050,92.7,100.0,100.0,100.0,100.0,100.0,92.6,100.0,99.6,76.1,100.0,94.2,86.0,80.6,82.2,78.6,100.0,100.0,92.5,100.0,94.3,86.8,96.8,76.0,59.0,
04/20/2050,92.7,100.0,100.0,100.0,100.0,100.0,92.6,100.0,99.5,76.0,100.0,94.2,86.0,80.5,82.1,78.7,100.0,100.0,92.4,,94.3,86.7,96.8,76.0,59.0,
04/21/2050,92.7,100.0,100.0,100.0,100.0,100.0,92.8,100.0,99.5,76.0,100.0,94.2,85.9,80.4,82.1,78.8,100.0,100.0,92.3,,94.3,86.6,96.8,76.4,59.0,
04/22/2050,92.6,100.0,100.0,100.0,100.0,100.0,92.8,100.0,99.5,75.9,100.0,94.2,85.9,80.4,82.1,78.9,100.0,100.0,92.4,99.9,94.2,86.6,96.7,76.4,59.0,
04/23/2050,92.6,100.0,100.0,100.0,100.0,100.0,92.7,100.0,99.5,75.9,100.0,94.1,85.8,80.4,82.0,78.9,100.0,100.0,92.3,99.8,94.2,86.6,96.7,76.3,58.9,
04/24/2050,92.5,100.0,100.0,100.0,100.0,100.0,92.7,100.0,99.5,75.8,100.0,94.1,85.8,80.3,82.0,79.1,100.0,100.0,92.3,100.0,94.2,86.6,96.6,76.3,58.9,
04/25/2050,92.5,100.0,100.0,100.0,100.0,100.0,92.7,100.0,99.5,75.8,100.0,94.1,85.8,80.2,81.9,79.3,100.0,100.0,92.3,100.0,94.2,86.6,96.8,76.2,58.8,
04/26/2050,92.5,100.0,100.0,100.0,100.0,100.0,92.6,100.0,99.5,75.8,100.0,94.1,85.8,80.2,81.9,79.5,100.0,100.0,92.3,100.0,94.1,86.5,96.8,76.2,58.8,
04/27/2050,92.4,100.0,100.0,100.0,100.0,100.0,92.6,100.0,99.5,75.9,100.0,94.0,85.7,80.2,81.9,79.7,100.0,100.0,92.3,100.0,94.1,86.5,96.8,76.3,58.8,
04/28/2050,92.3,100.0,100.0,100.0,100.0,100.0,92.5,100.0,99.4,76.0,100.0,93.9,85.7,80.2,81.9,79.8,100.0,100.0,92.3,100.0,94.0,86.5,96.8,76.3,58.8,
04/29/2050,92.3,100.0,100.0,100.0,100.0,100.0,92.6,100.0,99.3,76.0,100.0,93.8,85.7,80.1,81.8,79.9,100.0,100.0,92.2,100.0,94.1,86.6,96.7,76.3,58.8,
04/30/2050,92.2,100.0,100.0,100.0,100.0,100.0,92.5,100.0,99.2,76.0,100.0,93.8,85.6,80.1,81.7,79.9,100.0,100.0,92.1,100.0,94.1,86.7,96.7,76.2,58.7,
05/01/2050,92.2,100.0,100.0,100.0,100.0,100.0,92.5,100.0,99.2,76.1,100.0,93.8,85.6,80.1,81.6,79.9,100.0,100.0,92.1,100.0,94.0,87.0,96.7,76.2,58.7,
05/02/2050,92.5,100.0,100.0,100.0,100.0,100.0,92.4,100.0,99.2,76.1,100.0,93.7,85.6,80.2,81.6,79.9,100.0,100.0,92.1,100.0,93.9,87.4,96.7,76.1,58.7,
05/03/2050,92.6,100.0,100.0,100.0,100.0,100.0,92.4,100.0,99.1,76.1,100.0,93.6,85.6,80.1,81.5,79.9,100.0,100.0,92.1,100.0,93.9,88.3,96.6,76.1,58.7,
05/04/2050,92.6,100.0,100.0,100.0,100.0,100.0,92.3,100.0,99.0,76.1,100.0,93.5,85.5,80.0,81.4,79.9,100.0,100.0,92.3,100.0,93.9,88.7,96.6,76.0,58.6,
05/05/2050,92.6,100.0,100.0,100.0,100.0,100.0,92.8,100.0,99.0,76.0,100.0,93.4,85.5,80.0,81.4,80.0,100.0,100.0,92.5,100.0,93.8,88.8,96.6,76.0,58.6,
05/06/2050,92.5,100.0,100.0,100.0,100.0,100.0,93.3,100.0,99.0,76.0,100.0,93.4,85.7,79.9,81.3,80.0,100.0,100.0,92.5,100.0,93.8,88.9,96.6,76.0,58.6,
05/07/2050,92.5,100.0,100.0,100.0,100.0,100.0,93.6,100.0,98.9,76.0,100.0,93.4,85.7,79.9,81.2,80.0,100.0,99.9,92.5,100.0,93.7,89.0,96.6,75.9,58.6,
05/08/2050,92.5,100.0,100.0,100.0,100.0,100.0,93.7,100.0,98.9,75.9,100.0,93.3,85.8,79.9,81.2,80.1,100.0,99.9,92.5,100.0,93.7,89.0,96.5,75.9,58.5,
05/09/2050,92.5,100.0,100.0,100.0,100.0,100.0,93.9,100.0,98.8,75.9,100.0,93.3,85.8,79.8,81.3,80.1,100.0,99.8,92.5,100.0,93.6,89.0,96.5,75.8,58.5,
05/10/2050,92.5,100.0,100.0,100.0,100.0,100.0,94.0,100.0,98.8,75.9,100.0,93.2,85.8,80.1,81.3,80.2,100.0,99.8,92.5,100.0,93.5,89.0,96.4,75.8,58.5,
05/11/2050,92.4,100.0,100.0,100.0,100.0,100.0,94.0,100.0,98.7,75.9,100.0,93.2,86.6,80.2,81.2,80.2,100.0,99.8,92.5,,93.4,89.1,96.4,75.8,58.4,
05/12/2050,92.4,100.0,100.0,100.0,100.0,100.0,94.0,100.0,98.6,75.8,100.0,93.3,87.8,80.2,81.2,80.3,100.0,99.8,92.4,,94.2,89.1,96.3,75.7,58.4,
05/13/2050,92.6,100.0,100.0,100.0,100.0,100.0,93.9,100.0,98.5,75.8,100.0,93.3,88.3,80.1,81.5,80.5,100.0,99.8,92.4,100.0,95.2,89.0,96.3,76.0,58.3,
05/14/2050,92.5,100.0,100.0,100.0,100.0,100.0,93.9,100.0,98.6,75.7,100.0,93.2,88.6,80.1,81.5,81.1,100.0,99.8,92.3,100.0,95.2,89.0,96.2,76.0,58.3,
05/15/2050,92.4,100.0,100.0,100.0,100.0,100.0,93.8,100.0,98.6,75.7,100.0,93.2,89.2,80.1,81.5,82.0,100.0,99.7,92.3,100.0,95.3,89.0,96.2,76.0,58.2,
05/16/2050,92.4,100.0,100.0,100.0,100.0,100.0,93.8,100.0,98.6,75.7,100.0,93.1,89.7,80.0,81.5,83.1,100.0,99.7,92.3,100.0,95.5,89.0,96.1,76.4,58.2,
05/17/2050,92.3,100.0,100.0,100.0,100.0,100.0,93.7,100.0,98.5,75.8,100.0,93.1,89.9,80.0,81.4,84.7,100.0,99.7,92.3,100.0,95.6,89.0,96.1,76.4,58.2,
05/18/2050,92.3,100.0,100.0,100.0,100.0,100.0,93.7,100.0,98.5,75.7,100.0,93.0,90.1,80.0,81.4,87.8,100.0,99.7,92.2,100.0,95.7,89.3,95.9,76.4,58.1,
05/19/2050,92.3,100.0,100.0,100.0,100.0,100.0,93.6,100.0,98.4,75.7,100.0,93.0,90.2,80.0,81.3,89.3,100.0,99.6,92.1,100.0,95.7,89.6,95.9,76.4,58.1,
05/20/2050,92.7,100.0,100.0,100.0,100.0,100.0,93.6,100.0,98.3,75.6,100.0,93.0,90.3,79.9,81.3,90.2,100.0,99.6,92.1,100.0,95.7,89.6,95.8,76.4,58.0,
05/21/2050,92.6,100.0,100.0,100.0,100.0,100.0,93.5,100.0,98.3,75.6,100.0,92.9,90.4,79.9,81.2,90.9,100.0,99.6,92.2,100.0,95.7,89.6,95.7,76.4,57.9,
05/22/2050,92.6,100.0,100.0,100.0,100.0,100.0,93.4,100.0,98.2,75.5,100.0,92.9,90.5,79.9,81.2,91.8,100.0,99.6,92.1,100.0,95.7,89.7,95.7,76.4,57.9,
05/23/2050,92.6,100.0,100.0,100.0,100.0,100.0,93.3,100.0,98.1,75.5,100.0,92.8,90.5,79.9,81.2,93.1,100.0,99.6,92.1,100.0,95.7,89.8,95.6,76.4,57.8,
05/24/2050,92.6,100.0,99.9,100.0,100.0,100.0,93.3,100.0,98.1,75.5,100.0,92.8,90.6,79.9,81.2,,100.0,99.5,92.1,100.0,95.7,89.9,95.5,76.4,57.8,
05/25/2050,92.6,100.0,99.8,100.0,100.0,100.0,93.2,100.0,98.0,75.5,100.0,92.7,90.6,80.6,81.2,,100.0,99.5,92.1,100.0,96.2,90.1,95.7,76.4,57.7,
05/26/2050,92.6,100.0,99.8,100.0,100.0,100.0,93.1,100.0,97.9,75.5,100.0,92.7,90.6,81.4,81.4,100.0,100.0,99.4,92.0,100.0,96.6,90.2,95.6,76.3,57.7,
05/27/2050,92.6,100.0,99.8,100.0,100.0,100.0,93.0,100.0,97.8,75.4,100.0,92.6,90.6,81.6,82.2,100.0,100.0,99.4,92.0,100.0,96.8,90.2,95.5,76.3,57.6,
05/28/2050,92.6,100.0,99.7,100.0,100.0,100.0,93.0,100.0,97.7,75.4,100.0,92.6,90.6,81.6,82.9,100.0,100.0,99.4,91.9,100.0,96.9,90.3,95.4,76.2,57.5,
05/29/2050,92.5,100.0,100.0,100.0,100.0,100.0,92.9,100.0,97.6,75.4,100.0,92.5,90.6,81.7,83.2,100.0,100.0,99.5,91.9,100.0,96.9,90.4,95.4,76.2,57.6,
05/30/2050,92.5,100.0,100.0,100.0,100.0,100.0,92.9,100.0,97.5,75.4,100.0,92.4,90.6,81.8,83.3,100.0,100.0,99.5,91.8,100.0,97.3,90.6,95.2,76.1,57.6,
05/31/2050,92.4,100.0,100.0,100.0,100.0,100.0,92.8,100.0,97.4,75.4,100.0,92.3,90.6,81.8,83.4,100.0,100.0,99.5,91.7,100.0,97.6,91.0,95.2,76.1,57.7,
06/01/2050,92.4,100.0,100.0,100.0,100.0,100.0,92.8,100.0,97.3,75.3,100.0,92.3,90.6,81.8,83.4,100.0,100.0,99.6,91.7,100.0,97.7,91.2,95.1,76.0,57.7,
06/02/2050,92.3,100.0,100.0,100.0,100.0,100.0,92.7,100.0,97.1,75.3,100.0,92.2,90.5,81.8,83.5,100.0,100.0,99.6,91.6,100.0,97.8,91.3,95.1,76.0,57.7,
06/03/2050,92.3,100.0,100.0,100.0,100.0,100.0,92.6,100.0,97.0,75.3,100.0,92.1,90.5,81.8,83.5,100.0,100.0,99.7,91.6,100.0,98.0,91.5,95.0,76.0,57.6,
06/04/2050,92.3,100.0,99.9,100.0,100.0,100.0,92.6,100.0,96.8,75.3,100.0,92.0,90.5,81.8,83.5,100.0,100.0,99.7,91.5,100.0,98.1,91.7,95.0,75.9,57.6,
06/05/2050,92.3,100.0,99.9,100.0,100.0,100.0,92.5,100.0,96.6,75.2,100.0,92.0,90.5,81.8,83.5,100.0,100.0,99.8,91.5,100.0,98.1,92.2,94.9,75.9,57.5,
06/06/2050,92.2,100.0,99.9,100.0,100.0,100.0,92.4,100.0,96.5,75.2,100.0,91.9,90.5,81.8,83.4,100.0,100.0,99.8,91.4,100.0,98.2,92.5,94.8,75.9,57.5,
06/07/2050,92.2,100.0,99.8,100.0,100.0,100.0,92.3,100.0,96.4,75.1,100.0,91.9,90.4,81.7,83.4,100.0,100.0,99.8,91.3,100.0,98.2,92.7,94.7,75.9,57.5,
06/08/2050,92.1,100.0,99.8,100.0,100.0,100.0,92.2,100.0,96.2,75.1,100.0,91.8,90.4,81.7,83.4,100.0,100.0,99.7,91.2,100.0,98.2,92.9,94.6,75.9,57.4,
06/09/2050,92.1,100.0,99.7,100.0,100.0,100.0,92.2,100.0,96.1,75.0,100.0,91.7,90.3,81.7,83.5,100.0,100.0,99.7,91.2,100.0,98.2,93.0,94.5,75.9,57.4,
06/10/2050,92.6,100.0,99.7,100.0,100.0,100.0,92.1,100.0,96.0,74.9,100.0,91.6,90.3,81.7,83.6,100.0,100.0,99.7,91.1,100.0,98.2,93.1,94.4,75.8,57.3,
06/11/2050,92.9,100.0,99.6,100.0,100.0,100.0,92.0,100.0,95.8,74.9,100.0,91.5,90.3,81.7,83.5,100.0,100.0,99.6,91.0,100.0,98.2,93.2,94.4,75.7,57.3,
06/12/2050,93.0,100.0,99.6,100.0,100.0,100.0,91.9,100.0,95.7,74.8,100.0,91.4,90.2,81.6,83.5,100.0,100.0,99.6,91.0,100.0,98.1,93.3,94.3,75.7,57.3,
06/13/2050,93.1,100.0,99.5,100.0,100.0,100.0,91.8,100.0,95.5,74.8,100.0,91.4,90.2,81.6,83.6,100.0,100.0,99.5,90.9,100.0,98.1,93.3,94.2,75.7,57.3,
06/14/2050,93.1,100.0,99.5,100.0,100.0,100.0,91.7,100.0,95.4,74.7,100.0,91.3,90.1,81.7,83.5,100.0,100.0,99.5,90.8,100.0,98.0,93.3,94.0,75.6,57.2,
06/15/2050,93.1,100.0,99.4,100.0,100.0,100.0,91.6,100.0,95.2,74.7,100.0,91.2,90.0,81.7,83.5,100.0,100.0,99.4,90.7,100.0,97.9,93.4,93.9,75.5,57.2,
06/16/2050,93.9,100.0,99.3,100.0,100.0,100.0,91.5,100.0,95.1,74.6,100.0,91.1,90.0,81.7,83.5,100.0,100.0,99.3,90.6,100.0,97.9,93.4,93.8,75.5,57.1,
06/17/2050,93.9,100.0,99.4,100.0,100.0,100.0,91.5,100.0,94.9,74.5,100.0,91.0,89.9,81.7,83.4,100.0,100.0,99.3,90.5,100.0,97.8,93.4,93.8,75.4,57.0,
06/18/2050,93.9,100.0,99.3,100.0,100.0,100.0,91.6,100.0,94.8,74.5,100.0,90.9,89.9,81.6,83.4,100.0,100.0,99.2,90.5,100.0,97.8,93.4,93.7,75.4,57.0,
06/19/2050,93.9,100.0,99.2,100.0,100.0,100.0,91.5,100.0,94.6,74.4,100.0,90.8,89.8,81.6,83.3,100.0,100.0,99.1,90.5,100.0,97.7,93.4,93.6,75.3,56.9,
06/20/2050,93.1,100.0,99.1,100.0,100.0,100.0,91.5,100.0,94.4,74.3,100.0,90.7,89.8,81.5,83.3,100.0,100.0,99.1,90.5,100.0,97.7,93.4,93.5,75.3,57.0,
06/21/2050,93.1,100.0,99.0,100.0,100.0,100.0,91.4,100.0,94.3,74.3,100.0,90.6,89.8,81.5,83.3,100.0,100.0,99.0,90.4,100.0,97.6,93.3,93.4,75.2,57.0,
06/22/2050,93.0,100.0,99.0,100.0,100.0,100.0,91.3,100.0,94.3,74.2,100.0,90.8,89.8,81.4,83.2,100.0,100.0,99.0,90.3,100.0,97.6,93.3,93.3,75.1,57.0,
06/23/2050,93.0,100.0,98.9,100.0,100.0,100.0,91.3,100.0,94.1,74.1,100.0,90.8,89.7,81.3,83.2,100.0,100.0,98.9,90.3,100.0,97.6,93.3,93.2,75.0,56.9,
06/24/2050,93.0,100.0,98.8,100.0,100.0,100.0,91.3,100.0,93.9,74.1,100.0,90.7,89.7,81.3,83.2,100.0,100.0,98.8,90.2,100.0,97.6,93.2,93.1,74.9,56.9,
06/25/2050,93.0,,98.7,100.0,100.0,100.0,91.2,100.0,93.8,74.0,100.0,90.6,89.6,81.2,83.2,100.0,100.0,98.7,90.1,100.0,97.5,93.2,93.0,74.9,56.8,
06/26/2050,92.9,100.0,98.7,100.0,100.0,100.0,91.2,100.0,93.6,74.0,100.0,90.5,89.6,81.2,83.1,100.0,100.0,98.7,90.0,100.0,97.5,93.1,92.9,74.8,56.7,
06/27/2050,92.9,100.0,98.6,100.0,100.0,100.0,91.1,100.0,93.4,73.9,100.0,90.5,89.5,81.1,83.1,100.0,100.0,98.7,90.0,100.0,97.5,93.1,92.9,74.7,56.7,
06/28/2050,92.9,100.0,98.6,100.0,100.0,100.0,91.1,100.0,93.2,73.8,100.0,90.4,89.5,81.1,83.1,100.0,100.0,98.6,89.9,100.0,97.4,93.1,92.9,74.6,56.6,
06/29/2050,92.8,100.0,98.7,100.0,100.0,100.0,91.0,100.0,93.1,73.8,100.0,90.3,89.4,81.0,83.0,100.0,100.0,98.6,89.8,100.0,97.4,93.1,92.8,74.5,56.5,
06/30/2050,92.8,100.0,98.7,100.0,100.0,100.0,90.9,100.0,92.9,73.7,100.0,90.3,89.3,81.0,82.9,100.0,100.0,98.6,89.7,100.0,97.4,93.1,92.8,74.4,56.5,
07/01/2050,92.7,100.0,100.0,100.0,100.0,100.0,90.9,100.0,92.8,73.6,100.0,90.2,89.3,80.9,82.9,100.0,100.0,98.5,89.6,100.0,97.3,93.1,92.7,74.3,56.4,
07/02/2050,92.7,100.0,100.0,100.0,100.0,100.0,90.9,100.0,92.7,73.5,100.0,90.1,89.3,80.9,82.8,100.0,100.0,98.5,89.5,100.0,97.3,93.1,92.6,74.2,56.3,
07/03/2050,92.6,100.0,100.0,100.0,100.0,100.0,90.8,100.0,92.6,73.3,100.0,90.0,89.2,80.8,82.8,100.0,100.0,98.4,89.5,100.0,97.2,93.1,92.5,74.1,56.2,
07/04/2050,92.5,100.0,100.0,100.0,100.0,100.0,90.8,100.0,92.5,73.2,100.0,90.0,89.1,80.7,82.7,100.0,100.0,98.3,89.4,100.0,97.2,93.1,92.3,74.1,56.1,
07/05/2050,92.5,100.0,100.0,100.0,100.0,100.0,91.0,100.0,92.3,73.1,100.0,89.9,89.1,80.7,82.7,100.0,100.0,98.2,89.4,100.0,97.1,93.2,92.3,73.9,56.0,
07/06/2050,92.4,100.0,100.0,100.0,100.0,100.0,91.0,100.0,92.2,73.0,100.0,89.8,89.0,80.6,82.6,100.0,100.0,98.2,89.4,100.0,97.1,93.6,92.2,73.9,56.0,
07/07/2050,92.3,100.0,100.0,100.0,100.0,100.0,90.9,100.0,92.1,73.0,100.0,89.7,89.0,80.5,82.6,100.0,100.0,98.1,89.4,100.0,97.0,93.7,92.1,73.8,55.9,
07/08/2050,92.3,100.0,100.0,100.0,100.0,100.0,90.9,100.0,92.0,73.0,100.0,89.6,88.9,80.5,82.5,100.0,100.0,98.1,89.3,100.0,97.0,94.0,92.0,73.7,55.9,
07/09/2050,92.2,100.0,100.0,100.0,100.0,100.0,90.9,100.0,91.9,72.9,100.0,89.5,88.9,80.5,82.5,100.0,100.0,98.0,89.4,100.0,96.9,94.2,91.9,73.6,55.8,
07/10/2050,92.2,100.0,100.0,100.0,100.0,100.0,90.8,100.0,91.9,72.8,100.0,89.5,88.9,80.4,82.4,100.0,100.0,97.9,89.5,100.0,96.8,94.4,91.8,73.5,55.7,
07/11/2050,92.1,100.0,100.0,100.0,100.0,100.0,90.7,100.0,91.7,72.8,100.0,89.4,89.0,80.4,82.3,100.0,100.0,97.8,89.5,100.0,96.8,94.5,91.8,73.4,55.7,
07/12/2050,92.1,100.0,100.0,100.0,100.0,100.0,90.7,100.0,91.6,72.7,100.0,89.3,89.1,80.3,82.2,100.0,100.0,97.7,89.4,100.0,96.7,94.6,91.7,73.3,55.6,
07/13/2050,92.0,100.0,100.0,100.0,100.0,100.0,90.6,100.0,91.4,72.6,100.0,89.2,89.1,80.2,82.2,100.0,100.0,97.7,89.3,100.0,96.6,94.7,91.6,73.2,55.6,
07/14/2050,92.0,100.0,100.0,100.0,100.0,100.0,90.6,100.0,91.3,72.5,100.0,89.1,89.1,80.1,82.1,100.0,100.0,97.6,89.2,100.0,96.6,94.7,91.5,73.1,55.6,
07/15/2050,91.9,100.0,100.0,100.0,100.0,100.0,90.5,100.0,91.2,72.4,100.0,89.0,89.1,80.1,82.1,100.0,100.0,97.5,89.1,100.0,96.5,94.7,91.4,73.0,55.5,
07/16/2050,91.8,100.0,100.0,100.0,100.0,100.0,90.5,100.0,91.0,72.4,100.0,89.0,89.2,80.3,82.0,100.0,100.0,97.5,89.1,100.0,96.4,94.7,91.3,72.9,55.4,
07/17/2050,91.8,100.0,100.0,100.0,100.0,100.0,90.4,100.0,90.9,72.3,100.0,88.9,89.2,80.4,81.9,100.0,100.0,97.4,89.0,100.0,96.3,94.7,91.2,72.8,55.3,
07/18/2050,91.7,100.0,100.0,100.0,100.0,100.0,90.4,100.0,90.8,72.3,100.0,88.8,89.1,80.5,82.0,100.0,100.0,97.3,88.9,100.0,96.2,94.7,91.1,72.7,55.3,
07/19/2050,91.7,100.0,100.0,100.0,100.0,100.0,90.3,100.0,90.6,72.2,100.0,88.8,89.1,80.5,82.0,100.0,100.0,97.2,88.8,100.0,96.2,94.7,91.0,72.6,55.2,
07/20/2050,91.6,100.0,100.0,100.0,100.0,100.0,90.3,100.0,90.5,72.1,100.0,88.8,89.1,80.5,81.9,100.0,100.0,97.2,88.7,100.0,96.1,94.7,90.9,72.5,55.1,
07/21/2050,91.5,100.0,100.0,100.0,100.0,100.0,90.2,100.0,90.3,72.1,100.0,88.7,89.0,80.4,81.9,100.0,100.0,97.1,88.7,100.0,96.0,94.7,90.8,72.4,55.1,
07/22/2050,91.4,99.8,100.0,100.0,100.0,100.0,90.2,100.0,90.2,72.0,100.0,88.6,89.0,80.4,81.8,100.0,100.0,97.0,88.6,100.0,95.9,94.7,90.7,72.3,55.0,
07/23/2050,91.4,99.7,100.0,100.0,100.0,100.0,90.2,100.0,90.0,71.9,100.0,88.5,88.9,80.3,81.8,100.0,100.0,96.9,88.5,100.0,95.9,94.8,90.6,72.3,55.1,
07/24/2050,91.3,99.6,100.0,100.0,100.0,100.0,90.1,100.0,90.0,71.8,100.0,88.4,88.8,80.2,81.7,100.0,100.0,96.9,88.4,100.0,95.8,94.8,90.4,72.2,55.5,
07/25/2050,91.3,99.5,100.0,100.0,100.0,100.0,90.0,100.0,90.1,71.8,100.0,88.3,88.7,80.2,81.6,100.0,100.0,96.8,88.3,100.0,95.7,94.7,90.4,72.1,56.9,
07/26/2050,91.2,99.4,100.0,100.0,100.0,100.0,90.0,100.0,90.0,71.7,100.0,88.2,88.7,80.1,81.6,100.0,100.0,96.7,88.3,100.0,95.6,94.7,90.2,72.0,57.3,
07/27/2050,91.2,99.3,100.0,100.0,100.0,100.0,89.9,100.0,89.9,71.6,100.0,88.1,88.6,80.1,81.5,100.0,100.0,96.6,88.2,100.0,95.5,94.7,90.1,71.9,57.5,
07/28/2050,91.1,99.2,100.0,100.0,100.0,100.0,89.9,100.0,89.7,71.5,100.0,88.0,88.6,80.0,81.4,100.0,100.0,96.5,88.1,100.0,95.5,94.6,90.0,71.8,57.6,
07/29/2050,91.1,99.1,100.0,100.0,100.0,100.0,89.8,100.0,89.6,71.5,100.0,87.9,88.5,79.9,81.3,100.0,100.0,96.4,88.0,100.0,95.4,94.6,89.9,71.7,57.7,
07/30/2050,91.0,99.0,100.0,100.0,100.0,100.0,89.7,100.0,89.4,71.4,100.0,87.8,88.4,79.8,81.3,100.0,100.0,96.3,87.9,100.0,95.3,94.6,89.8,71.6,57.7,
07/31/2050,91.0,98.9,100.0,100.0,100.0,100.0,89.7,100.0,89.3,71.4,100.0,87.7,88.4,79.8,81.2,100.0,100.0,96.3,87.8,100.0,95.2,94.5,89.7,71.5,57.7,
08/01/2050,91.0,98.8,100.0,100.0,100.0,100.0,89.6,100.0,89.2,71.3,100.0,87.7,88.3,79.7,81.1,100.0,100.0,96.2,87.8,100.0,95.3,94.5,89.6,71.4,57.7,
08/02/2050,91.0,98.7,100.0,100.0,100.0,100.0,89.5,100.0,89.0,71.2,100.0,87.6,88.2,79.6,81.0,100.0,100.0,96.1,87.7,100.0,95.2,95.0,89.5,71.3,57.7,
08/03/2050,90.9,98.6,100.0,100.0,100.0,100.0,89.4,100.0,88.9,71.2,100.0,87.5,88.1,79.5,80.9,100.0,100.0,96.1,87.6,100.0,95.2,95.4,89.4,71.2,57.7,
08/04/2050,90.9,98.5,100.0,100.0,100.0,100.0,89.4,100.0,88.7,71.1,100.0,87.4,88.1,79.5,80.9,100.0,100.0,96.0,87.5,100.0,95.2,95.4,89.2,71.1,57.7,
08/05/2050,90.8,98.4,100.0,100.0,100.0,100.0,89.3,100.0,88.6,71.0,100.0,87.3,88.0,79.4,80.8,100.0,100.0,95.9,87.4,100.0,95.1,95.4,89.2,71.0,57.6,
08/06/2050,90.7,98.3,100.0,100.0,100.0,99.9,89.3,100.0,88.5,70.9,100.0,87.2,87.9,79.3,80.7,100.0,100.0,95.8,87.3,100.0,95.1,95.5,89.1,70.9,57.6,
08/07/2050,90.6,98.2,100.0,100.0,100.0,99.8,89.2,100.0,88.3,70.9,99.9,87.1,87.9,79.2,80.7,100.0,100.0,96.0,87.3,100.0,95.0,95.5,89.0,70.8,57.5,
08/08/2050,90.6,98.1,100.0,100.0,100.0,99.8,89.2,100.0,88.2,70.8,99.8,87.0,87.8,79.1,80.6,99.9,100.0,96.0,87.2,100.0,94.9,95.4,88.9,70.6,57.5,
08/09/2050,90.5,98.1,100.0,100.0,100.0,99.7,89.1,100.0,88.0,70.7,99.7,86.9,87.7,79.0,80.5,99.8,100.0,96.1,87.1,100.0,94.8,95.4,88.8,70.5,57.5,
08/10/2050,90.5,98.0,100.0,100.0,100.0,100.0,89.1,100.0,87.9,70.7,99.6,86.8,87.7,78.9,80.4,99.7,100.0,96.1,87.0,100.0,94.7,95.3,88.7,70.4,57.4,
08/11/2050,90.4,97.9,100.0,100.0,100.0,100.0,89.0,100.0,87.7,70.6,99.5,86.7,87.6,78.9,80.3,99.6,100.0,96.1,87.0,100.0,94.6,95.2,88.6,70.2,57.4,
08/12/2050,90.4,97.8,100.0,100.0,100.0,100.0,88.9,100.0,87.6,70.5,99.5,86.6,87.6,78.8,80.3,99.5,100.0,96.0,86.9,100.0,94.6,95.2,88.5,70.1,57.3,
08/13/2050,90.3,97.8,100.0,100.0,100.0,100.0,88.8,100.0,87.6,70.5,99.3,86.6,87.5,78.7,80.2,99.5,100.0,96.0,86.9,100.0,94.5,95.1,88.4,70.0,57.2,
08/14/2050,90.3,97.7,100.0,100.0,100.0,100.0,88.8,100.0,87.4,70.4,99.2,86.5,87.4,78.6,80.1,99.4,100.0,95.9,86.8,100.0,94.4,95.1,88.3,69.9,57.2,
08/15/2050,90.2,97.7,100.0,100.0,100.0,100.0,88.7,100.0,87.3,70.3,99.1,86.4,87.3,78.6,80.1,99.3,100.0,95.8,86.7,99.9,94.3,95.1,88.2,69.8,57.1,
08/16/2050,90.1,97.6,,100.0,100.0,100.0,88.6,100.0,87.2,70.2,99.0,86.3,87.2,78.5,80.0,99.2,100.0,95.7,86.6,99.8,94.2,95.0,88.1,69.7,57.0,
08/17/2050,90.1,97.5,,100.0,100.0,100.0,88.6,100.0,87.1,70.2,98.9,86.2,87.1,78.4,79.9,99.2,100.0,95.6,86.5,99.8,94.2,95.0,88.0,69.6,57.0,
08/18/2050,90.0,97.5,,100.0,100.0,100.0,88.5,100.0,87.1,70.1,98.8,86.1,87.1,78.4,79.8,99.0,100.0,95.5,86.4,99.6,94.1,94.9,87.9,69.5,56.9,
08/19/2050,90.0,97.4,,100.0,100.0,100.0,88.4,100.0,87.1,70.0,98.7,86.0,87.1,78.3,79.7,99.0,100.0,95.5,86.4,99.5,94.1,94.9,87.8,69.4,56.9,
08/20/2050,89.9,97.3,100.0,100.0,100.0,100.0,88.4,100.0,87.1,69.9,98.6,85.9,87.1,78.2,79.6,98.9,100.0,95.4,86.3,99.5,93.9,94.9,87.7,69.3,56.8,
08/21/2050,89.8,97.3,100.0,100.0,100.0,100.0,88.3,100.0,87.0,69.8,98.4,85.8,87.0,78.1,79.5,98.8,100.0,95.3,86.2,99.4,93.9,94.8,87.6,69.2,56.7,
08/22/2050,89.7,97.2,100.0,100.0,100.0,100.0,88.3,100.0,86.8,69.8,98.3,85.7,87.0,78.0,79.4,98.7,100.0,95.2,86.1,99.3,93.9,94.8,87.5,69.1,56.6,
08/23/2050,89.7,97.1,100.0,99.9,100.0,100.0,88.2,100.0,86.7,69.7,98.2,85.6,86.9,77.9,79.3,98.6,100.0,95.1,86.0,99.2,93.9,94.8,87.5,69.0,56.6,
08/24/2050,89.6,97.0,100.0,99.9,100.0,100.0,88.1,100.0,86.7,69.7,98.1,85.6,86.8,77.9,79.2,98.5,100.0,95.1,85.9,99.1,93.8,94.7,87.5,68.9,56.5,
08/25/2050,89.6,96.9,100.0,99.8,100.0,100.0,88.1,100.0,86.6,69.6,98.1,85.5,86.7,77.8,79.2,98.4,100.0,95.1,85.8,99.0,93.7,94.6,87.4,68.8,56.4,
08/26/2050,89.5,96.9,100.0,99.7,100.0,100.0,88.0,100.0,86.5,69.5,97.9,85.4,86.6,77.7,79.1,98.3,100.0,95.3,85.7,99.0,93.6,94.6,87.3,68.7,56.3,
08/27/2050,89.4,97.0,100.0,99.7,100.0,100.0,87.9,100.0,86.5,69.4,97.8,85.3,86.6,77.7,79.1,98.2,100.0,95.8,85.6,99.0,93.6,94.5,87.3,68.6,56.3,
08/28/2050,89.3,97.4,100.0,99.6,100.0,100.0,87.8,100.0,86.3,69.4,97.7,85.2,86.5,77.6,79.0,98.1,100.0,95.8,85.5,99.0,93.5,94.5,87.2,68.5,56.2,
08/29/2050,89.3,97.5,100.0,99.5,100.0,99.9,87.8,100.0,86.3,69.3,97.5,85.1,86.4,77.6,78.9,98.0,100.0,95.7,85.4,98.9,93.4,94.5,87.1,68.3,56.2,
08/30/2050,89.2,97.8,100.0,99.4,100.0,99.8,87.7,100.0,86.2,69.2,97.4,85.0,86.3,77.5,78.9,97.9,100.0,95.7,85.4,98.9,93.3,94.4,87.0,68.2,56.1,
08/31/2050,89.2,98.3,100.0,99.3,100.0,99.7,87.7,100.0,86.1,69.1,97.3,84.9,86.3,77.4,78.8,97.8,100.0,95.6,85.3,98.8,93.2,94.4,87.0,68.1,56.0,
09/01/2050,89.1,100.0,100.0,99.4,100.0,99.7,87.6,100.0,86.0,69.1,97.2,84.8,86.2,77.3,78.7,97.6,100.0,95.5,85.2,98.7,93.1,94.3,87.0,68.0,56.0,
09/02/2050,89.1,100.0,100.0,99.3,100.0,99.6,87.5,100.0,85.8,69.0,97.1,84.7,86.1,77.2,78.6,97.5,100.0,95.5,85.1,98.7,93.0,94.3,86.9,68.0,55.9,
09/03/2050,89.0,100.0,100.0,99.2,100.0,99.5,87.5,100.0,85.7,68.9,97.2,84.7,86.0,77.2,78.6,97.4,100.0,95.4,85.1,98.6,93.0,94.2,86.9,67.8,55.9,
09/04/2050,89.0,100.0,100.0,99.2,100.0,99.4,87.4,100.0,85.6,68.8,97.1,84.5,85.9,77.1,78.5,97.3,100.0,95.4,85.4,98.5,93.3,94.2,87.0,67.7,55.9,
09/05/2050,88.9,100.0,100.0,99.2,100.0,99.3,87.6,100.0,85.4,68.8,97.0,84.4,85.8,77.1,78.4,97.2,100.0,95.3,85.3,98.4,93.5,94.1,87.0,67.6,55.9,
09/06/2050,88.8,100.0,100.0,99.2,100.0,99.3,87.7,100.0,85.3,68.7,96.8,84.3,85.8,77.0,78.4,97.1,100.0,95.2,85.3,98.4,93.4,94.1,86.9,67.5,55.9,
09/07/2050,88.8,100.0,100.0,99.1,100.0,99.2,87.6,100.0,85.1,68.6,97.1,84.2,85.7,76.9,78.3,96.9,100.0,95.2,85.3,98.3,93.4,94.0,86.8,67.4,55.9,
09/08/2050,89.5,100.0,100.0,99.1,100.0,99.2,87.6,100.0,85.0,68.6,,84.0,85.6,76.9,78.3,96.8,100.0,95.1,85.3,98.2,93.3,94.0,86.8,67.3,55.8,
09/09/2050,89.5,100.0,100.0,99.0,100.0,99.1,87.6,100.0,84.9,69.0,100.0,83.9,85.5,76.8,78.2,96.7,100.0,95.1,86.4,98.1,93.4,93.9,86.7,67.2,55.8,
09/10/2050,89.4,100.0,100.0,98.9,100.0,99.0,87.5,100.0,84.7,69.4,100.0,83.8,85.4,76.7,78.1,96.6,100.0,95.0,88.0,98.0,93.5,93.8,86.6,67.1,55.8,
09/11/2050,89.3,100.0,100.0,98.9,100.0,99.0,87.5,100.0,84.6,69.9,100.0,83.7,85.3,76.7,78.1,96.6,100.0,95.0,88.4,97.9,93.6,93.8,86.6,67.1,55.7,
09/12/2050,89.2,100.0,100.0,99.0,100.0,99.0,87.5,100.0,84.5,70.2,100.0,83.7,85.2,76.7,78.0,96.5,99.9,94.9,88.6,97.8,93.6,93.7,86.5,67.0,55.7,
09/13/2050,89.2,100.0,100.0,99.0,100.0,99.0,87.4,100.0,84.3,70.5,100.0,83.6,85.1,76.6,77.9,96.4,99.8,94.9,88.6,97.8,93.6,93.6,86.4,66.9,55.6,
09/14/2050,89.2,100.0,100.0,99.0,100.0,98.9,87.4,100.0,84.2,70.5,100.0,83.5,85.2,76.5,77.9,96.2,99.8,94.8,88.7,97.7,93.5,93.6,86.3,66.8,55.6,
09/15/2050,88.3,100.0,100.0,99.0,100.0,98.8,87.3,100.0,84.0,70.6,100.0,83.4,85.2,76.4,77.8,96.1,99.8,94.8,89.0,97.6,93.5,93.5,86.2,66.7,55.6,
09/16/2050,88.3,100.0,100.0,99.0,100.0,98.7,87.3,100.0,83.8,70.6,100.0,83.3,85.2,76.4,77.7,96.0,99.7,94.7,89.6,97.5,93.4,93.5,86.2,66.6,55.5,
09/17/2050,88.2,100.0,100.0,99.0,100.0,98.7,87.3,100.0,83.6,70.6,100.0,83.3,85.3,76.4,77.7,95.9,99.7,94.7,89.9,97.5,93.4,93.4,86.1,66.5,55.5,
09/18/2050,88.1,100.0,100.0,98.9,100.0,98.6,87.3,100.0,83.5,70.5,100.0,83.3,85.3,76.4,78.1,95.8,99.6,94.7,90.2,97.4,93.4,93.4,86.0,66.4,55.4,
09/19/2050,88.1,100.0,100.0,99.0,100.0,98.5,87.2,100.0,83.3,70.5,100.0,83.3,85.3,76.3,78.4,95.7,99.6,94.6,90.4,97.3,93.4,93.3,85.9,66.3,55.4,
09/20/2050,88.0,100.0,100.0,98.9,100.0,98.4,87.2,100.0,83.2,70.5,100.0,83.2,85.2,76.3,78.4,95.6,99.6,94.6,90.6,97.2,93.3,93.3,85.9,66.2,55.3,
09/21/2050,88.0,100.0,100.0,98.9,100.0,98.4,87.1,100.0,83.0,70.5,100.0,83.2,85.2,76.4,78.4,95.4,99.5,94.5,90.9,97.1,93.2,93.2,85.8,66.1,55.3,
09/22/2050,87.9,100.0,100.0,99.0,100.0,98.3,87.1,100.0,82.9,70.6,100.0,83.1,85.1,76.3,78.4,95.3,99.5,94.4,92.2,97.0,93.2,93.1,85.7,66.0,55.2,
09/23/2050,87.9,100.0,100.0,98.9,100.0,98.2,87.0,100.0,82.7,70.6,100.0,83.0,85.1,76.2,78.4,95.2,99.4,94.4,93.5,96.9,93.2,93.0,85.6,65.9,55.2,
09/24/2050,87.9,100.0,99.7,98.9,100.0,98.1,87.0,100.0,82.6,70.6,100.0,82.9,85.0,76.1,78.3,95.1,99.4,94.4,93.9,96.8,93.1,92.9,85.5,65.8,55.1,
09/25/2050,87.9,100.0,99.8,98.8,100.0,98.0,86.9,100.0,82.5,70.5,100.0,82.8,85.0,76.1,78.2,95.0,99.4,94.3,94.3,96.8,93.1,92.9,85.5,65.7,55.0,
09/26/2050,87.8,100.0,100.0,98.8,100.0,97.9,86.8,100.0,82.3,70.5,100.0,82.7,84.9,76.0,78.1,94.8,100.0,94.5,94.5,96.7,93.0,92.8,85.4,65.6,55.0,
09/27/2050,87.7,100.0,100.0,98.8,100.0,97.8,86.8,100.0,82.2,70.5,100.0,82.7,84.9,75.9,78.1,94.7,100.0,94.6,94.7,96.6,93.0,92.7,85.3,65.6,54.9,
09/28/2050,87.7,100.0,100.0,98.8,100.0,97.8,86.7,100.0,82.0,70.5,100.0,82.6,84.9,75.8,78.1,94.6,100.0,94.8,94.8,96.4,92.9,92.7,85.1,65.5,54.8,
09/29/2050,87.6,100.0,100.0,98.7,100.0,97.6,86.7,100.0,81.9,70.5,100.0,82.5,85.3,76.4,78.1,94.5,100.0,94.8,95.0,96.3,92.8,93.5,85.0,65.4,54.7,
09/30/2050,87.5,100.0,100.0,98.6,100.0,97.5,86.6,100.0,81.7,70.5,100.0,82.4,85.4,76.5,78.0,94.4,100.0,94.8,95.1,96.2,92.7,93.7,85.0,65.3,54.7,
10/01/2050,87.5,100.0,100.0,98.6,100.0,97.5,86.6,100.0,81.6,70.4,100.0,82.3,85.4,76.5,77.9,94.3,100.0,94.9,95.2,96.2,92.7,93.7,84.9,65.2,54.6,
10/02/2050,87.4,100.0,100.0,98.5,100.0,97.4,86.5,100.0,81.6,70.4,100.0,82.3,85.3,76.4,77.9,94.2,100.0,94.9,95.4,96.1,92.6,93.7,84.8,65.1,54.5,
10/03/2050,87.4,100.0,100.0,98.4,100.0,97.3,86.5,100.0,81.5,70.5,100.0,82.2,85.3,76.4,77.8,94.1,100.0,94.9,95.5,96.0,92.5,93.7,84.7,65.0,54.5,
10/04/2050,87.3,100.0,100.0,98.4,100.0,97.3,86.4,100.0,81.4,71.0,100.0,82.1,85.2,76.3,77.7,94.1,100.0,94.9,95.6,95.9,92.5,93.7,84.6,65.0,54.4,
10/05/2050,87.3,100.0,100.0,98.4,100.0,97.3,86.4,100.0,81.3,71.3,100.0,82.0,85.2,76.3,77.7,94.0,100.0,94.9,95.6,95.9,92.4,93.7,84.5,65.0,54.3,
10/06/2050,87.3,100.0,100.0,98.4,100.0,97.3,86.4,100.0,81.3,71.4,100.0,81.9,85.2,76.3,77.6,93.9,100.0,94.9,95.7,95.8,92.4,93.7,84.4,65.0,54.3,
10/07/2050,87.2,100.0,100.0,98.4,100.0,97.2,86.3,100.0,81.3,71.5,100.0,81.8,85.1,76.2,77.5,93.8,100.0,94.9,95.8,95.7,92.3,93.7,84.4,64.9,54.2,
10/08/2050,87.6,100.0,100.0,98.4,100.0,97.1,86.3,100.0,81.2,71.5,100.0,81.7,85.0,76.1,77.5,93.8,100.0,94.9,95.9,95.6,92.3,93.7,84.3,64.8,54.1,
10/09/2050,87.6,100.0,100.0,98.5,100.0,97.0,86.2,100.0,81.2,71.8,99.9,82.0,85.0,76.1,77.4,93.7,100.0,94.8,96.0,95.5,92.3,93.6,84.2,64.6,54.1,
10/10/2050,87.6,100.0,100.0,98.6,100.0,97.0,86.3,100.0,81.1,72.0,99.9,82.1,85.0,76.0,77.3,93.7,100.0,94.8,96.8,95.4,92.2,93.6,84.1,64.5,54.0,
10/11/2050,87.6,100.0,100.0,98.7,100.0,97.1,86.3,100.0,81.0,72.1,99.8,82.0,84.9,75.9,77.3,93.6,100.0,94.7,97.6,95.4,92.2,93.6,84.0,64.5,53.9,
10/12/2050,87.6,100.0,100.0,99.0,100.0,97.2,86.3,100.0,81.0,72.3,99.8,82.0,84.9,75.9,77.2,93.6,100.0,94.7,98.0,95.2,92.1,93.5,83.9,64.4,53.9,
10/13/2050,87.6,100.0,100.0,99.2,100.0,97.2,86.2,100.0,81.0,72.4,99.8,81.9,84.9,76.4,77.2,93.5,100.0,94.6,98.3,95.1,92.1,93.6,83.8,64.3,53.8,
10/14/2050,87.6,100.0,100.0,100.0,100.0,97.2,86.2,100.0,80.9,72.5,99.8,81.8,84.9,76.7,77.1,93.5,100.0,94.6,98.5,95.0,92.0,98.3,83.7,64.2,53.7,
10/15/2050,87.5,100.0,100.0,100.0,100.0,97.2,86.2,100.0,81.0,72.6,99.7,81.8,84.9,76.7,77.0,93.4,99.9,94.6,98.9,94.9,92.0,99.3,83.6,64.1,53.6,
10/16/2050,87.5,100.0,100.0,100.0,100.0,97.2,86.3,100.0,81.0,72.6,99.7,81.7,84.9,76.8,76.9,93.3,99.9,94.5,99.4,94.9,91.9,99.5,83.5,64.0,53.5,
10/17/2050,87.5,100.0,100.0,100.0,100.0,97.2,86.3,100.0,80.9,72.6,99.7,81.7,84.8,76.8,76.8,93.3,99.9,94.4,100.0,94.9,91.8,99.6,83.4,63.9,53.5,
10/18/2050,87.5,100.0,100.0,100.0,100.0,97.1,86.3,100.0,80.9,72.6,99.7,81.6,84.8,76.8,76.8,93.2,99.9,94.4,100.0,94.8,91.8,99.7,83.3,63.8,53.4,
10/19/2050,87.5,100.0,100.0,100.0,100.0,97.1,86.3,100.0,80.8,72.6,99.7,81.4,84.7,76.8,76.8,93.2,99.9,94.3,100.0,94.8,91.7,99.7,83.2,63.7,53.3,
10/20/2050,87.5,100.0,100.0,100.0,100.0,97.1,86.2,100.0,80.8,72.6,99.7,81.3,84.7,76.7,76.7,93.1,99.9,94.3,100.0,94.7,91.7,99.7,83.2,63.7,53.2,
10/21/2050,87.5,100.0,100.0,99.9,100.0,97.0,86.2,100.0,80.7,72.7,99.7,81.2,84.6,76.7,76.6,93.0,99.9,94.2,100.0,94.7,91.6,99.8,83.1,63.6,53.2,
10/22/2050,87.5,100.0,100.0,99.9,100.0,97.0,86.1,100.0,80.7,73.2,99.7,81.2,84.6,76.7,76.6,92.9,99.8,94.2,100.0,94.6,91.6,99.8,83.0,63.5,53.1,
10/23/2050,87.7,100.0,100.0,99.8,100.0,97.0,86.0,100.0,80.6,73.8,99.6,81.1,84.6,76.7,76.5,93.0,99.8,94.2,100.0,94.5,91.5,99.8,82.9,63.5,53.0,
10/24/2050,87.8,100.0,100.0,99.8,100.0,96.9,86.0,100.0,80.5,74.1,99.6,81.1,84.5,76.6,76.5,93.6,99.8,94.1,100.0,94.6,91.5,99.9,82.8,63.5,52.9,
10/25/2050,91.1,100.0,100.0,99.8,100.0,96.8,86.0,100.0,80.5,74.3,99.6,81.0,84.5,76.6,76.5,94.3,99.8,94.1,100.0,94.9,91.4,99.9,82.8,63.4,52.9,
10/26/2050,99.2,100.0,100.0,99.8,100.0,96.8,86.1,100.0,80.5,74.8,99.6,81.0,84.4,76.6,76.4,94.4,99.7,94.0,100.0,94.8,91.3,99.9,82.7,63.5,52.8,
10/27/2050,99.7,100.0,100.0,99.7,100.0,96.7,86.1,100.0,80.4,75.6,99.6,80.9,84.3,76.6,76.3,94.4,99.8,93.9,100.0,94.7,91.3,100.0,82.6,63.5,52.7,
10/28/2050,100.0,100.0,100.0,99.8,100.0,96.6,86.0,100.0,80.3,76.0,99.5,80.8,84.3,76.5,76.3,94.4,99.8,93.8,100.0,94.7,91.2,100.0,82.6,63.5,52.7,
10/29/2050,100.0,100.0,100.0,99.7,100.0,96.6,85.9,100.0,80.2,76.3,99.5,80.7,84.2,76.5,76.2,94.4,99.8,93.7,100.0,94.6,91.1,99.9,82.6,63.5,52.6,
10/30/2050,100.0,100.0,100.0,99.6,100.0,96.5,85.9,100.0,80.2,76.4,99.4,80.6,84.2,76.6,76.2,100.0,99.8,93.6,100.0,94.6,91.0,99.9,82.5,63.4,52.5,
10/31/2050,100.0,100.0,100.0,99.7,100.0,96.6,85.9,100.0,80.2,76.6,99.4,80.5,84.1,83.4,76.2,100.0,99.8,93.6,100.0,94.6,90.9,99.9,82.4,63.3,52.5,
11/01/2050,100.0,100.0,100.0,99.7,100.0,96.5,85.8,100.0,80.1,76.7,99.4,80.5,84.1,84.6,76.1,100.0,99.8,93.6,100.0,94.5,90.9,99.8,82.4,63.2,52.4,
11/02/2050,100.0,100.0,100.0,99.7,100.0,96.5,85.8,100.0,80.1,76.8,99.4,80.4,84.0,84.7,76.0,100.0,99.8,93.6,100.0,94.4,90.8,99.8,82.3,63.1,52.4,
11/03/2050,100.0,100.0,100.0,99.7,100.0,96.5,85.7,100.0,80.1,76.8,99.3,80.3,84.0,84.7,75.9,100.0,99.8,93.6,100.0,94.4,90.8,99.9,82.3,63.1,52.4,
11/04/2050,100.0,100.0,100.0,99.8,100.0,96.4,85.7,100.0,80.0,76.9,99.2,80.2,84.0,84.7,75.9,100.0,99.8,93.6,100.0,94.4,90.7,100.0,82.2,63.0,52.3,
11/05/2050,100.0,100.0,100.0,99.9,100.0,96.4,85.6,100.0,80.0,77.0,99.2,80.2,84.0,84.8,76.2,100.0,99.8,93.6,100.0,94.3,90.6,100.0,82.2,63.0,52.4,
11/06/2050,100.0,100.0,100.0,100.0,100.0,96.4,85.7,100.0,80.0,77.0,99.1,80.1,83.9,84.9,76.5,100.0,99.9,93.5,100.0,94.3,90.6,100.0,82.1,62.9,52.4,
11/07/2050,100.0,100.0,100.0,99.9,100.0,96.4,85.7,100.0,79.9,77.1,99.0,80.0,83.9,84.9,76.5,100.0,100.0,93.5,100.0,94.4,90.6,100.0,82.1,62.8,52.4,
11/08/2050,100.0,100.0,100.0,99.9,100.0,96.3,85.6,100.0,79.9,77.2,99.0,80.0,83.8,84.9,76.5,100.0,100.0,93.5,100.0,94.4,90.5,100.0,82.0,62.8,52.4,
11/09/2050,100.0,100.0,100.0,99.9,100.0,96.3,85.6,100.0,79.9,77.5,99.0,80.0,83.8,85.0,76.5,100.0,100.0,93.4,100.0,94.4,90.5,100.0,82.0,62.8,52.4,
11/10/2050,100.0,100.0,100.0,99.9,100.0,96.3,85.6,100.0,79.8,77.5,98.9,79.9,83.7,85.0,76.5,100.0,100.0,93.4,100.0,94.3,90.5,100.0,81.9,62.8,52.3,
11/11/2050,100.0,100.0,100.0,99.9,100.0,96.3,85.6,100.0,79.8,77.6,98.9,79.8,83.7,85.0,76.5,100.0,100.0,93.3,100.0,94.3,90.5,100.0,81.9,62.8,52.3,
11/12/2050,100.0,100.0,100.0,100.0,100.0,96.3,85.5,100.0,79.8,77.7,98.9,79.7,83.7,85.0,76.4,100.0,100.0,93.3,100.0,94.3,90.4,100.0,81.8,62.7,52.3,
11/13/2050,100.0,100.0,100.0,100.0,100.0,96.3,85.5,100.0,79.7,77.7,98.9,79.7,83.6,84.9,76.3,100.0,100.0,93.4,100.0,94.2,90.4,100.0,81.7,62.7,52.2,
11/14/2050,100.0,99.9,100.0,100.0,100.0,96.3,85.5,100.0,79.7,77.7,98.8,79.7,83.5,84.9,76.2,100.0,100.0,93.3,100.0,94.2,90.4,100.0,81.6,62.7,52.2,
11/15/2050,100.0,100.0,100.0,100.0,100.0,96.3,85.5,100.0,79.7,77.8,98.8,79.7,83.5,84.9,76.2,100.0,100.0,93.3,100.0,94.2,90.3,100.0,81.5,62.6,52.1,
11/16/2050,100.0,100.0,100.0,100.0,100.0,96.2,85.3,100.0,79.6,77.9,98.7,79.7,83.4,84.9,76.2,100.0,100.0,93.3,100.0,94.1,90.3,100.0,81.4,62.6,52.0,
11/17/2050,100.0,100.0,100.0,100.0,100.0,96.1,85.2,100.0,79.5,77.8,98.7,79.6,83.4,84.9,76.1,100.0,100.0,93.3,100.0,94.1,90.2,100.0,81.3,62.5,52.0,
11/18/2050,100.0,100.0,100.0,100.0,100.0,96.0,85.2,100.0,79.5,77.8,98.7,79.5,83.3,84.9,76.0,100.0,100.0,93.3,100.0,94.1,90.2,100.0,81.2,62.5,52.0,
11/19/2050,100.0,100.0,100.0,100.0,100.0,96.0,85.2,100.0,79.4,77.8,98.6,79.5,83.3,84.9,76.0,100.0,100.0,93.2,100.0,94.1,90.1,100.0,81.2,62.4,52.0,
11/20/2050,100.0,100.0,100.0,100.0,100.0,95.9,85.1,100.0,79.4,78.0,98.6,79.5,83.3,84.8,76.0,100.0,100.0,93.2,100.0,94.1,90.1,100.0,81.2,62.4,52.0,
11/21/2050,100.0,100.0,100.0,100.0,100.0,95.9,85.1,100.0,79.3,78.2,98.6,79.5,83.2,84.8,76.0,100.0,100.0,93.2,100.0,94.1,90.1,100.0,81.1,62.3,51.9,
11/22/2050,100.0,100.0,100.0,100.0,100.0,95.9,85.0,100.0,79.3,78.5,98.6,79.5,83.2,84.9,76.1,100.0,100.0,93.1,100.0,94.1,90.0,100.0,81.1,62.2,51.8,
11/23/2050,100.0,100.0,100.0,100.0,100.0,95.8,85.0,100.0,79.3,78.7,98.6,79.4,83.2,84.8,76.3,100.0,100.0,93.0,100.0,94.1,90.0,100.0,81.1,62.2,51.8,
11/24/2050,100.0,100.0,100.0,100.0,100.0,95.8,85.0,100.0,79.2,78.9,98.6,79.4,83.1,84.8,76.3,100.0,100.0,93.0,100.0,94.0,90.0,100.0,81.0,62.1,51.7,
11/25/2050,100.0,100.0,100.0,99.9,100.0,95.8,85.0,100.0,79.2,78.9,98.6,79.3,83.1,84.9,76.3,100.0,99.9,92.9,100.0,94.0,89.9,100.0,81.0,62.0,51.7,
11/26/2050,100.0,100.0,100.0,99.9,100.0,95.9,85.0,100.0,79.1,79.0,98.6,79.5,83.0,84.9,76.2,100.0,99.9,92.9,100.0,94.0,89.9,99.9,81.1,62.0,51.6,
11/27/2050,100.0,100.0,100.0,99.9,100.0,95.9,84.9,100.0,79.1,79.1,98.5,79.4,83.0,84.8,76.2,100.0,99.8,92.9,100.0,94.0,89.9,100.0,81.1,61.9,51.6,
11/28/2050,100.0,100.0,100.0,99.9,100.0,95.9,84.9,100.0,79.1,79.1,98.4,79.3,83.0,84.8,76.2,100.0,99.8,92.9,100.0,93.9,89.9,100.0,81.0,61.8,51.5,
11/29/2050,100.0,100.0,100.0,99.8,100.0,95.9,84.9,100.0,79.1,79.2,98.4,79.3,82.9,84.7,76.2,100.0,99.8,92.8,100.0,93.9,90.0,100.0,81.0,61.8,51.4,
11/30/2050,100.0,100.0,100.0,99.8,100.0,95.9,85.2,100.0,79.1,79.3,98.4,79.3,82.9,84.7,76.2,100.0,99.8,92.8,100.0,93.9,89.9,99.9,80.9,61.8,51.4,
12/01/2050,100.0,100.0,100.0,99.8,100.0,95.9,85.1,100.0,79.0,79.4,98.3,79.2,82.8,84.7,76.2,100.0,99.7,92.8,100.0,94.0,89.8,99.9,80.9,61.7,51.3,
12/02/2050,100.0,100.0,100.0,99.8,100.0,95.9,85.1,100.0,78.9,79.5,98.2,79.2,82.8,84.8,76.1,100.0,99.7,92.8,100.0,93.9,89.8,99.9,80.9,61.7,51.3,
12/03/2050,100.0,100.0,100.0,99.8,100.0,95.8,85.0,100.0,78.9,79.5,98.2,79.3,82.8,84.8,76.1,100.0,100.0,92.7,100.0,93.9,89.7,99.9,80.8,61.6,51.2,
12/04/2050,100.0,100.0,100.0,99.8,100.0,95.9,85.0,100.0,78.8,79.6,98.2,79.3,82.8,84.8,76.1,100.0,100.0,92.7,100.0,93.9,89.7,99.9,80.8,61.6,51.2,
12/05/2050,100.0,100.0,100.0,99.8,100.0,95.8,84.9,100.0,78.7,79.6,98.1,79.4,82.8,84.8,76.1,100.0,100.0,92.7,100.0,93.9,89.6,99.9,80.8,61.5,51.2,
12/06/2050,100.0,100.0,100.0,99.7,100.0,95.8,84.9,100.0,78.7,79.7,98.1,79.4,82.7,84.8,76.1,100.0,100.0,92.8,100.0,93.8,89.6,99.9,80.7,61.5,51.1,
12/07/2050,100.0,100.0,100.0,99.7,100.0,95.8,84.9,100.0,78.6,79.7,98.0,79.3,82.7,84.7,76.0,100.0,100.0,92.9,100.0,93.8,89.5,99.8,80.7,61.4,51.1,
12/08/2050,100.0,100.0,100.0,99.7,100.0,95.7,84.8,100.0,78.6,79.8,98.0,79.3,82.7,84.6,76.0,100.0,100.0,93.0,100.0,93.8,89.5,99.8,80.7,61.4,51.1,
12/09/2050,100.0,100.0,100.0,99.8,100.0,95.6,84.8,100.0,78.6,79.8,97.9,79.2,82.7,84.6,76.0,100.0,100.0,93.0,100.0,93.8,89.5,99.8,80.7,61.3,51.0,
12/10/2050,100.0,100.0,100.0,99.7,100.0,95.6,84.8,100.0,78.6,79.9,97.9,79.2,82.6,84.6,76.0,100.0,100.0,92.9,100.0,93.8,89.4,99.8,80.6,61.3,51.0,
12/11/2050,100.0,100.0,100.0,99.7,100.0,95.6,84.8,100.0,78.5,79.9,97.9,79.3,82.6,84.6,76.0,100.0,100.0,92.9,100.0,93.8,89.4,99.8,80.6,61.2,50.9,
12/12/2050,100.0,100.0,100.0,99.7,100.0,95.5,84.8,100.0,78.5,79.9,97.8,79.2,82.5,84.6,76.0,100.0,100.0,92.9,100.0,93.7,89.4,99.7,80.5,61.1,50.9,
12/13/2050,,100.0,100.0,99.7,100.0,95.5,84.7,100.0,78.4,80.0,97.8,79.2,82.5,84.5,76.0,100.0,100.0,92.9,100.0,93.7,89.4,99.6,80.5,61.1,50.8,
12/14/2050,100.0,100.0,100.0,99.7,100.0,95.5,84.7,100.0,78.4,80.0,97.7,79.3,82.4,84.6,75.9,100.0,100.0,92.9,100.0,93.7,89.3,99.6,80.5,61.0,50.8,
12/15/2050,100.0,100.0,100.0,99.7,100.0,95.5,84.7,100.0,78.4,80.1,97.7,79.3,82.4,84.5,75.9,100.0,100.0,92.8,100.0,93.7,89.2,99.6,80.5,61.0,50.8,
12/16/2050,100.0,100.0,100.0,99.7,100.0,95.5,84.7,100.0,78.3,80.1,97.7,79.3,82.4,84.5,75.9,100.0,100.0,92.9,100.0,93.7,89.2,99.6,80.4,61.0,50.8,
12/17/2050,100.0,100.0,100.0,99.7,100.0,95.4,84.7,99.9,78.3,80.2,97.6,79.3,82.4,84.5,75.9,100.0,100.0,93.0,100.0,93.6,89.2,99.6,80.3,61.0,50.8,
12/18/2050,100.0,100.0,100.0,99.6,100.0,95.4,84.7,99.9,78.2,80.2,97.6,79.2,82.3,84.5,75.8,100.0,100.0,93.0,100.0,93.6,89.1,99.7,80.2,60.9,50.7,
12/19/2050,100.0,100.0,100.0,99.6,100.0,95.4,84.7,100.0,78.2,80.2,97.6,79.2,82.3,84.5,75.9,100.0,100.0,93.0,100.0,93.6,89.1,99.7,80.3,60.8,50.7,
12/20/2050,100.0,100.0,100.0,99.6,100.0,95.4,84.8,100.0,78.2,80.3,97.5,79.3,82.3,84.5,75.8,100.0,100.0,93.1,100.0,93.5,89.1,99.6,80.3,60.8,50.6,
12/21/2050,100.0,100.0,100.0,99.6,100.0,95.4,84.7,100.0,78.2,80.3,97.5,79.2,82.2,84.6,75.8,100.0,100.0,93.1,100.0,93.5,89.1,99.6,80.2,60.8,50.6,
12/22/2050,100.0,100.0,100.0,99.7,100.0,95.4,84.7,100.0,78.1,80.3,97.5,79.3,82.2,84.6,75.8,100.0,100.0,93.1,100.0,93.5,89.1,99.6,80.2,60.8,50.5,
12/23/2050,100.0,100.0,100.0,99.7,100.0,95.3,84.7,100.0,78.1,80.4,97.5,79.3,82.2,84.5,75.8,100.0,100.0,93.0,100.0,93.5,89.0,99.5,80.1,60.7,50.5,
12/24/2050,100.0,100.0,100.0,99.6,100.0,95.3,84.9,100.0,78.1,80.5,97.6,79.3,82.1,84.5,75.7,100.0,100.0,93.0,100.0,93.5,89.0,99.5,80.0,60.7,50.5,
12/25/2050,100.0,100.0,100.0,99.6,100.0,95.3,85.0,100.0,78.0,80.5,97.6,79.3,82.1,84.5,75.7,100.0,100.0,92.9,100.0,93.5,89.0,99.5,79.9,60.7,50.4,
12/26/2050,100.0,100.0,100.0,99.7,100.0,95.3,84.9,100.0,78.0,80.5,97.5,79.3,82.0,84.5,75.6,100.0,100.0,92.9,100.0,93.5,88.9,99.5,79.9,60.6,50.4,
12/27/2050,100.0,100.0,100.0,99.7,100.0,95.3,84.9,100.0,78.0,80.5,97.5,79.2,82.0,84.5,75.6,100.0,100.0,92.9,100.0,93.5,88.9,99.5,79.8,60.6,50.4,
12/28/2050,100.0,100.0,100.0,99.7,100.0,95.2,84.8,100.0,78.0,80.5,97.5,79.2,81.9,84.5,75.6,100.0,100.0,92.9,100.0,93.5,88.9,99.5,79.8,60.5,50.3,
12/29/2050,100.0,100.0,100.0,99.7,100.0,95.2,84.9,100.0,77.9,80.5,97.6,79.2,81.9,84.5,75.6,100.0,100.0,92.8,100.0,93.5,88.8,99.5,79.7,60.5,50.3,
12/30/2050,100.0,100.0,100.0,99.7,100.0,95.2,85.0,100.0,77.9,80.6,97.6,79.2,81.8,84.4,75.5,100.0,100.0,92.8,100.0,93.4,88.9,99.5,79.7,60.4,50.2,
12/31/2050,100.0,100.0,100.0,99.7,100.0,95.2,85.0,100.0,77.9,80.6,97.6,79.1,81.8,84.4,75.5,100.0,100.0,92.8,100.0,93.4,89.0,99.5,79.7,60.4,50.2,
