dw_date,2000,2001,2002,2003,2004,2005,2006,2007,2008,2009,2010,2011,2012,2013,2014,2015,2016,2017,2018,2019,2020,2021,2022,2023,2024
01/01/2050,73.8,100.0,99.6,100.0,79.2,100.0,73.5,50.4,99.3,63.1,63.1,77.9,34.7,38.4,36.4,32.3,92.8,100.0,81.2,100.0,81.5,67.3,70.9,45.8,37.6
01/02/2050,73.8,100.0,100.0,99.9,79.1,100.0,73.5,50.5,99.5,63.0,63.2,77.8,34.7,38.4,36.4,32.3,92.9,100.0,81.2,100.0,81.7,67.3,70.9,45.7,37.6
01/03/2050,73.8,100.0,100.0,100.0,79.1,100.0,73.5,50.5,99.9,63.0,63.2,77.9,34.6,38.4,36.4,32.3,93.0,100.0,81.3,100.0,82.3,67.3,70.8,45.7,37.8
01/04/2050,73.7,100.0,100.0,100.0,79.1,100.0,73.5,50.7,100.0,63.0,63.2,78.0,34.6,38.4,36.3,32.4,93.1,100.0,81.3,100.0,83.0,67.3,70.7,45.7,37.8
01/05/2050,73.7,100.0,100.0,100.0,79.2,100.0,73.6,50.7,100.0,63.1,63.3,78.2,34.6,38.4,36.3,32.3,93.2,100.0,81.4,100.0,83.5,67.2,70.7,45.7,37.8
01/06/2050,73.7,100.0,100.0,100.0,79.4,100.0,73.5,50.8,100.0,63.1,63.4,78.3,34.6,38.4,36.3,32.3,93.3,100.0,81.4,100.0,83.8,67.3,70.7,45.7,37.8
01/07/2050,73.7,100.0,100.0,100.0,79.5,100.0,73.5,50.9,100.0,63.2,63.4,78.4,34.6,38.4,36.3,32.3,93.4,100.0,81.4,100.0,83.8,67.3,70.6,45.7,37.8
01/08/2050,73.8,100.0,100.0,100.0,79.6,100.0,73.5,50.9,100.0,63.2,63.5,78.4,34.6,38.5,36.3,32.3,93.5,100.0,81.5,100.0,83.8,67.3,70.5,45.7,37.8
01/09/2050,73.8,100.0,100.0,100.0,79.6,100.0,73.6,50.9,100.0,63.2,63.4,78.6,34.6,38.8,36.3,32.3,93.6,100.0,81.4,100.0,83.7,67.3,70.5,45.6,37.8
01/10/2050,73.8,100.0,100.0,100.0,79.7,100.0,73.9,51.0,100.0,63.2,63.4,78.8,34.6,39.0,36.3,32.4,93.6,100.0,81.4,100.0,83.7,67.3,70.4,45.6,37.8
01/11/2050,73.8,100.0,100.0,100.0,79.9,100.0,74.0,51.0,100.0,63.1,63.4,78.8,34.6,39.0,36.3,32.4,93.7,100.0,81.4,100.0,83.8,67.3,70.4,45.6,37.8
01/12/2050,73.9,100.0,100.0,100.0,80.0,100.0,74.1,51.0,100.0,63.1,63.6,78.8,34.6,39.1,36.3,32.4,93.7,100.0,81.4,100.0,83.7,67.3,70.4,45.6,37.7
01/13/2050,74.0,100.0,100.0,100.0,80.1,100.0,74.0,51.2,100.0,63.1,63.6,78.8,34.6,39.1,36.3,32.4,93.8,100.0,81.3,100.0,83.6,67.3,70.3,45.6,37.7
01/14/2050,74.0,100.0,100.0,100.0,80.2,100.0,74.0,51.6,100.0,63.1,63.8,78.8,34.6,39.1,36.3,32.4,93.8,100.0,81.3,100.0,83.6,67.3,70.3,45.6,37.6
01/15/2050,73.9,100.0,100.0,100.0,80.4,100.0,73.9,51.9,100.0,63.0,64.0,78.9,34.5,39.2,36.3,32.4,93.9,100.0,81.3,100.0,83.6,67.3,70.3,45.5,37.6
01/16/2050,73.9,100.0,100.0,100.0,80.7,100.0,74.0,52.3,100.0,62.9,64.4,79.0,34.5,39.2,36.2,32.4,94.0,100.0,81.2,100.0,83.6,67.3,70.2,45.5,37.6
01/17/2050,73.8,100.0,100.0,100.0,81.6,100.0,74.0,52.6,100.0,62.9,64.8,79.1,34.5,39.1,36.2,32.4,94.0,100.0,81.1,100.0,83.7,67.3,70.2,45.4,37.5
01/18/2050,73.8,100.0,100.0,100.0,81.8,100.0,73.9,52.8,100.0,62.8,65.1,79.1,34.5,39.1,36.2,32.4,94.1,100.0,81.0,100.0,83.7,67.2,70.1,45.4,37.4
01/19/2050,73.8,100.0,100.0,100.0,82.0,100.0,73.8,52.8,100.0,62.8,65.3,79.2,34.5,39.1,36.2,32.4,94.0,100.0,81.0,100.0,83.6,67.3,70.1,45.3,37.4
01/20/2050,73.8,100.0,100.0,100.0,82.3,100.0,73.8,52.9,100.0,62.7,65.6,79.2,34.5,39.0,36.2,32.4,94.1,100.0,81.0,100.0,83.6,67.3,70.0,45.2,37.4
01/21/2050,73.7,100.0,100.0,100.0,82.5,100.0,73.7,53.1,100.0,62.7,65.8,79.2,34.5,39.0,36.1,32.4,94.2,100.0,81.0,100.0,83.5,67.3,70.0,45.2,37.4
01/22/2050,73.7,100.0,100.0,100.0,82.5,100.0,73.7,53.2,100.0,62.6,66.0,79.2,34.5,39.0,36.2,32.6,94.2,100.0,81.0,100.0,83.5,67.2,69.9,45.1,37.6
01/23/2050,73.7,100.0,100.0,100.0,82.5,100.0,73.7,53.2,100.0,62.6,66.1,79.3,34.5,38.9,36.2,32.8,94.2,100.0,81.0,100.0,83.4,67.3,69.8,45.0,37.7
01/24/2050,73.6,100.0,100.0,100.0,82.6,100.0,73.6,53.3,100.0,62.6,66.2,79.3,34.5,39.0,36.1,33.0,94.3,100.0,81.0,100.0,83.3,67.3,69.8,45.1,37.7
01/25/2050,73.5,100.0,100.0,100.0,82.7,100.0,73.6,53.4,100.0,62.5,66.3,79.3,34.8,38.9,36.1,33.1,94.3,100.0,80.9,100.0,83.3,67.3,69.8,45.2,37.8
01/26/2050,73.4,100.0,100.0,100.0,82.7,100.0,73.6,53.5,100.0,62.4,66.4,79.2,34.9,38.9,36.1,33.1,94.3,100.0,80.9,100.0,83.2,67.2,69.7,45.2,37.9
01/27/2050,73.2,100.0,100.0,100.0,82.8,100.0,73.6,53.6,100.0,62.4,66.5,79.2,35.0,38.9,36.1,33.3,94.4,100.0,80.9,100.0,83.1,67.3,69.7,45.2,37.9
01/28/2050,73.1,100.0,100.0,100.0,82.9,100.0,73.6,53.6,100.0,62.4,66.8,79.2,35.0,38.9,36.0,33.4,94.3,100.0,80.9,100.0,83.2,67.2,69.7,45.2,
01/29/2050,72.8,100.0,100.0,100.0,82.9,100.0,73.7,53.6,100.0,62.3,68.3,79.2,35.0,38.9,36.0,33.4,94.3,100.0,80.9,100.0,83.1,67.2,69.6,45.1,
01/30/2050,72.8,100.0,100.0,100.0,82.9,100.0,73.7,53.7,100.0,62.3,71.3,79.1,35.0,38.8,36.0,33.5,,100.0,80.8,100.0,83.1,67.1,69.6,45.1,
01/31/2050,73.3,100.0,100.0,100.0,83.0,100.0,73.7,53.9,100.0,62.3,72.4,79.0,35.0,38.8,36.0,33.6,,100.0,80.8,100.0,83.0,67.1,69.6,45.1,
02/01/2050,74.1,100.0,100.0,100.0,83.0,100.0,73.6,53.8,100.0,62.2,73.1,79.0,35.0,38.8,36.0,33.7,,100.0,80.8,100.0,83.0,67.1,69.6,45.2,
02/02/2050,74.2,100.0,100.0,100.0,83.0,100.0,73.7,53.9,100.0,62.1,73.6,78.9,35.1,38.8,36.0,33.7,,100.0,80.7,100.0,83.0,67.0,69.7,45.3,
02/03/2050,74.2,100.0,100.0,100.0,82.9,100.0,73.6,53.9,100.0,62.1,74.3,78.8,35.1,38.7,36.0,33.7,,100.0,80.7,100.0,82.9,67.0,69.8,45.3,
02/04/2050,74.1,100.0,100.0,100.0,82.8,100.0,73.6,53.9,100.0,62.1,76.5,78.8,35.1,38.7,36.0,33.8,,100.0,80.6,100.0,82.8,67.0,69.7,45.3,
02/05/2050,74.0,100.0,100.0,100.0,83.1,100.0,73.5,53.9,100.0,62.3,80.0,78.8,35.1,38.7,36.0,33.9,,100.0,80.6,100.0,82.8,66.9,69.7,45.2,
02/06/2050,74.0,100.0,100.0,100.0,83.1,100.0,73.4,54.0,100.0,62.0,81.6,78.8,35.1,38.7,36.0,33.9,,100.0,80.6,100.0,82.7,66.9,69.7,45.2,
02/07/2050,74.0,100.0,100.0,100.0,83.0,100.0,73.3,54.0,100.0,61.9,82.8,78.7,35.1,38.8,36.0,34.0,,100.0,80.5,100.0,82.6,66.8,69.7,45.3,
02/08/2050,73.9,100.0,100.0,100.0,83.0,100.0,73.3,54.1,100.0,61.9,83.6,78.6,35.1,38.8,35.9,34.0,,100.0,80.5,100.0,82.5,66.8,69.7,45.5,
02/09/2050,73.9,100.0,100.0,100.0,83.0,100.0,73.2,54.1,100.0,61.9,84.6,78.7,35.1,38.7,35.9,34.0,,100.0,80.5,100.0,82.5,66.8,69.7,45.5,
02/10/2050,73.9,100.0,100.0,100.0,83.0,100.0,73.2,54.1,100.0,61.9,85.3,78.5,35.2,38.7,35.9,34.0,,100.0,80.5,100.0,82.5,66.8,69.7,45.5,
02/11/2050,73.9,100.0,100.0,100.0,83.2,100.0,73.1,54.1,100.0,61.9,85.9,78.1,35.2,38.8,35.8,34.1,,100.0,80.4,100.0,82.5,66.8,69.7,45.6,
02/12/2050,73.8,100.0,100.0,100.0,83.4,100.0,73.1,54.2,100.0,61.8,86.7,77.7,35.2,38.8,35.8,34.1,,100.0,80.4,100.0,82.8,66.9,69.7,45.6,
02/13/2050,73.8,100.0,100.0,100.0,83.3,100.0,73.0,54.1,100.0,61.8,87.3,77.3,35.2,38.8,35.8,34.1,,100.0,80.3,100.0,83.0,66.9,69.7,45.6,
02/14/2050,73.7,100.0,100.0,100.0,83.1,100.0,72.9,53.9,100.0,61.8,88.0,77.1,35.2,38.8,35.8,34.1,,100.0,80.3,100.0,83.0,66.9,69.7,45.6,
02/15/2050,73.7,100.0,100.0,100.0,82.9,100.0,72.9,53.7,100.0,61.7,88.6,77.0,35.2,38.8,35.7,34.1,,100.0,80.3,100.0,83.0,67.0,69.6,45.6,
02/16/2050,73.7,100.0,100.0,100.0,82.7,100.0,72.9,53.4,100.0,61.7,89.0,77.0,35.3,38.7,35.7,34.2,,100.0,80.2,100.0,83.0,67.0,69.6,45.6,
02/17/2050,73.6,100.0,100.0,100.0,82.7,100.0,72.9,53.4,100.0,61.6,89.4,76.9,35.4,38.7,35.7,34.2,,100.0,80.2,100.0,83.0,67.1,69.6,45.6,
02/18/2050,73.6,100.0,100.0,100.0,82.8,99.9,72.8,53.3,100.0,61.6,89.7,76.9,35.9,38.7,35.7,34.2,,100.0,80.2,100.0,83.0,67.1,69.5,45.6,
02/19/2050,73.6,100.0,100.0,100.0,82.9,100.0,72.7,53.3,100.0,61.6,90.0,76.9,36.6,38.7,35.7,34.1,,100.0,80.1,100.0,82.9,67.0,69.5,45.5,
02/20/2050,73.6,100.0,100.0,100.0,82.9,100.0,73.0,53.3,100.0,61.6,90.4,76.8,37.2,38.6,35.7,34.1,,100.0,80.2,100.0,82.9,66.9,69.5,45.5,
02/21/2050,73.6,100.0,100.0,100.0,82.8,100.0,73.1,53.3,100.0,61.5,90.7,76.8,37.6,38.6,35.7,34.1,,100.0,80.4,100.0,82.9,66.9,69.4,45.5,
02/22/2050,73.6,100.0,100.0,100.0,82.8,99.9,73.1,53.3,100.0,61.4,91.0,76.7,37.7,38.6,35.7,34.1,,100.0,80.5,100.0,82.8,66.8,69.4,45.5,
02/23/2050,73.7,100.0,100.0,100.0,82.8,99.9,73.2,53.2,100.0,61.4,91.4,76.7,37.8,38.6,35.7,34.1,,100.0,80.6,100.0,82.7,66.9,69.4,45.5,
02/24/2050,73.7,100.0,100.0,100.0,82.9,100.0,73.3,53.3,100.0,61.3,91.8,76.6,38.0,38.6,35.7,34.1,,100.0,80.6,100.0,82.7,66.9,69.3,45.5,
02/25/2050,73.7,100.0,100.0,100.0,83.0,100.0,73.5,53.3,100.0,61.3,92.2,76.6,38.2,38.6,35.7,34.1,,100.0,80.7,100.0,82.6,66.9,69.3,45.5,
02/26/2050,74.0,99.9,100.0,100.0,83.2,100.0,73.7,53.2,100.0,61.2,92.5,76.6,38.2,38.5,35.7,34.1,,100.0,80.7,100.0,82.5,66.9,69.2,45.5,
02/27/2050,74.2,99.8,100.0,100.0,83.2,100.0,73.8,53.2,100.0,61.2,92.7,76.5,38.2,38.5,35.7,34.1,,100.0,80.8,100.0,82.3,66.9,69.2,45.5,
02/28/2050,74.1,99.9,100.0,100.0,83.2,100.0,73.7,53.2,100.0,61.2,92.9,76.5,38.3,38.4,35.7,34.1,,100.0,80.8,100.0,82.3,66.9,69.1,45.4,
02/29/2050,74.1,,,,83.3,,,,100.0,,,,38.5,,,,,,,,82.2,,,,
03/01/2050,74.0,100.0,100.0,100.0,83.3,100.0,73.7,53.1,100.0,61.0,93.3,76.4,38.5,38.4,35.7,34.1,,100.0,80.8,100.0,82.1,66.9,69.1,45.4,
03/02/2050,74.0,100.0,100.0,100.0,83.3,100.0,73.6,53.1,100.0,60.9,93.6,76.3,38.5,38.3,35.7,34.1,,100.0,80.9,100.0,82.0,67.0,69.0,45.4,
03/03/2050,74.0,100.0,100.0,100.0,83.3,100.0,73.6,53.1,100.0,60.9,93.8,76.2,38.5,38.3,35.6,34.1,,100.0,80.9,100.0,82.0,67.0,69.0,45.5,
03/04/2050,73.9,100.0,100.0,100.0,83.3,100.0,73.5,53.1,100.0,60.9,94.1,76.1,38.5,38.2,35.7,34.2,94.9,100.0,80.8,100.0,82.1,66.9,69.0,45.4,
03/05/2050,73.8,100.0,100.0,100.0,83.4,100.0,73.5,53.1,100.0,60.8,94.4,76.1,38.5,38.2,35.7,34.2,94.9,100.0,80.9,100.0,82.1,66.9,68.9,45.5,
03/06/2050,73.7,100.0,100.0,100.0,83.5,100.0,73.5,53.1,100.0,60.8,94.7,76.0,38.6,38.2,35.8,34.2,94.9,100.0,80.9,100.0,82.2,66.8,68.9,45.4,
03/07/2050,73.7,100.0,100.0,100.0,83.4,100.0,73.5,53.0,100.0,60.7,94.9,75.9,38.6,38.1,35.7,34.2,94.9,100.0,80.8,100.0,82.2,66.8,68.9,45.4,
03/08/2050,73.8,100.0,99.9,100.0,83.4,100.0,73.5,53.0,100.0,60.7,95.1,75.9,38.7,38.1,35.7,34.2,95.0,100.0,80.8,100.0,82.1,66.7,68.8,45.4,
03/09/2050,73.8,100.0,100.0,100.0,83.4,100.0,73.5,53.0,99.9,60.6,95.5,75.8,38.7,38.1,35.7,34.4,95.3,100.0,80.7,100.0,82.1,66.7,68.8,45.4,
03/10/2050,73.8,100.0,99.9,99.9,83.4,100.0,73.5,53.0,100.0,60.6,95.9,75.7,38.7,38.2,35.7,34.6,95.5,100.0,80.7,100.0,82.2,66.7,68.7,45.4,
03/11/2050,73.8,99.8,99.9,99.8,83.5,100.0,73.6,53.0,100.0,60.6,96.3,75.6,38.9,38.2,35.7,34.7,95.9,100.0,80.6,100.0,82.2,66.7,68.7,45.4,
03/12/2050,73.7,99.8,99.8,99.7,83.5,100.0,73.5,55.2,99.9,61.1,96.6,75.5,39.1,38.3,35.8,34.7,97.0,100.0,80.6,100.0,82.2,66.7,68.6,45.3,
03/13/2050,73.6,99.7,99.8,99.7,83.6,100.0,73.5,56.8,99.9,61.4,96.8,75.4,39.2,38.2,35.8,34.8,97.9,100.0,80.5,100.0,82.2,66.7,68.6,45.3,
03/14/2050,73.5,99.7,99.7,99.9,83.6,100.0,73.4,58.6,99.8,61.5,96.9,75.4,39.3,38.2,35.8,34.9,98.4,100.0,80.5,100.0,82.2,66.7,68.5,45.2,
03/15/2050,73.5,99.6,99.7,99.9,83.7,100.0,73.4,59.2,99.8,61.6,97.1,75.3,39.5,38.1,35.8,35.0,98.8,100.0,80.4,100.0,82.2,66.7,68.4,45.2,
03/16/2050,73.5,99.3,99.6,100.0,84.2,100.0,73.3,59.6,99.7,61.6,97.4,75.2,39.7,38.1,35.8,35.1,99.2,100.0,80.4,100.0,82.2,66.7,68.4,45.1,
03/17/2050,73.5,99.4,99.4,99.9,84.4,100.0,73.2,59.7,99.6,61.6,97.8,75.1,39.7,38.1,35.7,35.1,99.4,100.0,80.3,100.0,82.3,66.7,68.3,45.1,
03/18/2050,73.6,99.6,99.4,99.9,84.6,100.0,73.2,59.8,99.8,61.7,98.1,75.1,39.8,38.1,35.8,35.2,99.7,100.0,80.3,100.0,82.4,66.6,68.3,45.1,
03/19/2050,73.6,99.8,99.4,100.0,84.7,100.0,73.1,59.9,99.9,61.7,98.3,75.1,39.8,38.1,35.8,35.2,100.0,100.0,80.3,100.0,82.4,66.5,68.2,45.0,
03/20/2050,73.5,99.9,99.3,100.0,84.7,100.0,73.2,60.1,99.8,61.7,98.8,75.0,41.8,38.1,35.7,35.3,100.0,100.0,80.3,100.0,82.4,66.5,68.1,45.0,
03/21/2050,73.4,99.7,99.1,100.0,84.8,100.0,73.3,60.3,99.7,61.6,99.5,74.9,44.6,38.1,35.7,35.4,100.0,100.0,80.2,100.0,82.7,66.4,68.1,45.0,
03/22/2050,73.4,99.4,99.0,100.0,84.8,100.0,73.3,60.4,99.6,61.6,99.8,74.8,45.3,38.1,35.7,35.6,100.0,100.0,80.1,100.0,83.8,66.4,68.2,44.9,
03/23/2050,73.4,99.3,98.9,100.0,84.9,100.0,73.3,60.4,99.5,61.7,100.0,74.7,45.7,38.0,35.7,35.6,100.0,100.0,80.0,100.0,84.8,66.4,68.1,44.9,
03/24/2050,73.4,99.5,98.8,100.0,85.0,100.0,73.3,60.5,99.4,61.7,100.0,74.6,45.9,38.0,35.6,35.7,100.0,100.0,80.0,100.0,85.3,66.4,68.1,44.8,
03/25/2050,73.4,99.5,98.7,100.0,85.0,100.0,73.2,60.6,99.3,61.7,100.0,74.5,46.1,37.9,35.6,35.7,100.0,100.0,80.0,100.0,85.6,66.5,68.0,44.8,
03/26/2050,73.3,99.4,98.6,100.0,85.0,100.0,73.2,61.1,99.2,61.7,100.0,74.4,46.4,37.9,35.6,35.8,100.0,100.0,79.9,100.0,85.8,66.5,67.9,44.8,
03/27/2050,73.3,100.0,98.5,99.9,85.0,100.0,73.1,65.7,99.1,61.7,100.0,74.2,46.5,37.8,35.6,35.9,100.0,100.0,79.9,99.9,86.1,66.5,67.8,44.7,
03/28/2050,73.3,100.0,98.3,99.9,85.0,100.0,73.2,68.2,99.0,61.7,100.0,74.0,46.6,37.7,35.6,35.9,100.0,100.0,80.2,99.9,86.2,66.5,67.8,44.7,
03/29/2050,73.4,100.0,98.2,99.9,85.0,100.0,73.3,69.5,99.1,61.6,100.0,73.8,46.7,37.6,35.5,35.9,100.0,100.0,80.3,99.9,86.1,66.4,67.7,44.6,
03/30/2050,73.2,100.0,98.3,99.9,85.0,100.0,73.4,70.8,99.0,61.6,100.0,73.6,46.8,37.6,35.5,36.0,100.0,100.0,80.3,99.9,86.1,66.4,67.7,44.6,
03/31/2050,73.0,100.0,98.3,100.0,84.9,100.0,73.3,75.0,98.9,61.5,100.0,73.5,46.9,37.6,35.4,36.0,100.0,100.0,80.2,99.8,86.1,66.4,67.6,44.5,
04/01/2050,72.8,100.0,98.1,100.0,84.9,100.0,73.3,76.5,98.8,61.4,100.0,73.3,46.9,37.6,35.4,36.1,100.0,99.9,80.2,99.7,86.0,66.4,67.6,44.5,
04/02/2050,72.7,100.0,98.0,99.9,85.0,100.0,73.2,77.1,98.6,61.3,100.0,73.1,46.9,37.7,35.4,36.1,100.0,100.0,80.2,99.7,86.0,66.4,67.5,44.4,
04/03/2050,72.7,100.0,97.9,99.9,85.1,100.0,73.1,77.7,98.5,61.2,100.0,72.9,47.0,38.3,35.4,36.2,100.0,100.0,80.2,99.6,86.0,66.3,67.4,44.4,
04/04/2050,72.6,100.0,97.8,99.9,85.1,100.0,73.0,78.1,98.4,61.1,100.0,72.7,47.1,38.4,35.4,36.2,100.0,100.0,80.2,99.5,86.3,66.3,67.4,44.3,
04/05/2050,72.6,100.0,97.6,99.9,85.2,99.8,72.9,78.4,98.2,61.0,100.0,72.5,47.1,38.5,35.3,36.2,100.0,100.0,80.2,99.5,86.7,66.3,67.3,44.3,
04/06/2050,72.5,100.0,97.5,100.0,86.5,99.7,72.8,78.7,98.0,60.9,100.0,72.2,47.0,38.6,35.3,36.2,100.0,100.0,80.1,99.6,87.1,66.1,67.2,44.4,
04/07/2050,72.4,100.0,97.3,100.0,90.7,99.7,72.7,78.9,97.8,60.7,100.0,72.0,47.0,38.6,35.3,36.2,100.0,100.0,80.1,100.0,87.3,66.0,67.1,44.5,
04/08/2050,72.4,99.8,97.3,100.0,91.7,99.8,72.7,79.3,97.5,60.6,100.0,71.8,46.9,38.6,35.3,36.2,100.0,100.0,80.0,100.0,87.4,65.8,66.9,44.5,
04/09/2050,72.2,99.6,97.4,100.0,92.2,100.0,72.5,79.5,97.3,60.6,100.0,71.5,46.9,38.7,35.3,36.2,100.0,100.0,79.9,100.0,87.5,65.7,66.8,44.5,
04/10/2050,72.0,99.9,97.4,100.0,92.8,100.0,72.3,79.9,97.2,60.5,100.0,71.2,46.8,38.7,35.3,36.3,100.0,100.0,79.9,100.0,87.6,65.6,66.6,44.5,
04/11/2050,71.8,100.0,97.3,99.9,93.7,100.0,72.2,80.1,97.0,60.3,100.0,71.0,46.7,38.7,35.2,36.3,100.0,100.0,79.8,99.9,87.6,65.5,66.4,44.5,
04/12/2050,72.0,100.0,97.3,99.8,94.4,100.0,72.0,80.3,96.9,60.2,100.0,70.7,46.6,38.6,35.2,36.4,100.0,100.0,79.8,99.9,87.9,65.4,66.2,44.4,
04/13/2050,72.0,100.0,97.1,99.7,94.6,100.0,71.8,80.5,96.7,60.2,100.0,70.4,46.6,38.5,35.2,36.4,100.0,100.0,79.7,99.9,88.2,65.4,66.1,44.4,
04/14/2050,72.0,100.0,97.1,99.5,94.8,100.0,71.7,80.8,96.5,59.9,100.0,70.2,46.6,38.4,35.2,36.4,100.0,100.0,79.7,99.8,88.5,65.3,65.9,44.3,
04/15/2050,71.9,100.0,96.9,99.4,95.1,100.0,71.5,80.8,96.3,59.7,100.0,69.9,46.6,38.3,35.1,36.3,100.0,100.0,79.6,99.7,88.7,65.2,65.7,44.3,
04/16/2050,71.8,100.0,96.8,99.4,95.1,99.9,71.3,80.9,96.1,59.6,100.0,69.6,46.7,38.2,35.0,36.3,100.0,100.0,79.6,99.7,88.8,65.0,65.5,44.2,
04/17/2050,71.6,100.0,96.7,99.3,95.3,99.9,71.2,81.0,96.0,59.6,100.0,69.3,46.6,38.1,35.0,36.3,100.0,100.0,79.5,99.7,88.8,65.0,65.3,44.2,
04/18/2050,71.5,100.0,96.5,99.3,95.6,99.9,71.2,81.2,95.9,59.8,100.0,69.1,46.5,38.0,35.0,36.4,100.0,100.0,79.4,99.9,88.8,64.9,65.1,44.1,
04/19/2050,71.3,100.0,96.3,99.1,95.8,99.9,71.0,81.3,95.7,59.8,100.0,68.8,46.4,37.9,34.9,36.5,100.0,100.0,79.4,100.0,88.7,64.7,64.9,44.0,
04/20/2050,71.2,100.0,96.2,99.0,95.9,99.9,70.9,81.3,95.5,59.8,100.0,68.5,46.3,37.8,34.9,36.6,100.0,100.0,79.3,100.0,88.6,64.6,64.8,44.0,
04/21/2050,71.0,100.0,96.0,98.8,96.1,99.9,71.2,81.4,95.3,59.9,100.0,68.2,46.1,37.7,34.8,36.7,100.0,100.0,79.3,100.0,88.5,64.5,64.6,44.0,
04/22/2050,70.7,100.0,95.8,98.6,96.4,99.9,71.3,81.4,95.2,59.8,100.0,67.9,46.0,37.6,34.8,36.8,100.0,99.9,79.2,99.9,88.4,64.5,64.5,44.1,
04/23/2050,70.5,100.0,95.5,98.6,96.6,99.9,71.2,81.5,95.1,59.8,100.0,67.6,45.9,37.5,34.8,36.9,100.0,99.8,79.2,99.9,88.4,64.4,64.3,44.1,
04/24/2050,70.2,100.0,95.3,98.7,97.0,99.8,71.1,81.8,95.1,59.8,100.0,67.3,45.8,37.3,34.7,37.0,100.0,99.7,79.1,100.0,88.3,64.4,64.1,44.0,
04/25/2050,69.9,100.0,95.1,98.7,97.7,99.8,71.0,81.9,95.0,59.8,100.0,67.0,45.7,37.2,34.7,37.0,100.0,99.6,79.0,100.0,88.2,64.4,64.0,44.0,
04/26/2050,69.6,100.0,94.8,98.8,98.1,99.7,71.0,81.9,94.9,59.7,100.0,66.7,45.6,37.2,34.6,37.1,100.0,99.6,79.0,100.0,88.0,64.4,64.0,43.9,
04/27/2050,69.3,100.0,94.5,98.7,98.6,99.6,70.8,81.9,95.1,60.1,100.0,66.4,45.5,37.1,34.6,37.1,100.0,99.4,78.9,100.0,87.8,64.4,63.9,44.0,
04/28/2050,69.1,100.0,94.3,98.6,98.9,99.5,70.7,81.9,95.3,60.7,100.0,66.1,45.3,37.1,34.6,37.2,100.0,99.3,78.9,100.0,87.6,64.4,63.7,44.0,
04/29/2050,68.9,100.0,94.1,98.6,99.4,99.5,71.2,81.9,95.3,61.4,100.0,65.8,45.2,37.0,34.6,37.2,100.0,99.2,78.8,100.0,87.5,64.6,63.6,44.0,
04/30/2050,68.5,100.0,93.8,98.5,99.8,99.4,71.3,82.0,95.3,62.0,100.0,65.5,45.1,36.9,34.5,37.2,100.0,99.1,78.7,100.0,87.4,64.7,63.4,43.9,
05/01/2050,68.3,100.0,93.5,98.5,100.0,99.3,71.4,82.2,95.3,62.2,100.0,65.2,45.1,36.9,34.5,37.2,100.0,98.9,78.6,99.8,87.2,65.1,63.3,43.9,
05/02/2050,68.8,100.0,93.2,98.4,100.0,99.2,71.4,82.4,95.2,62.2,100.0,64.9,45.0,36.8,34.3,37.1,100.0,98.8,78.5,99.6,86.9,66.5,63.1,43.9,
05/03/2050,68.8,100.0,92.9,98.2,100.0,99.1,71.3,83.5,95.0,62.2,100.0,64.5,45.0,36.7,34.2,37.1,100.0,98.8,78.5,99.7,86.7,67.7,63.0,43.8,
05/04/2050,68.8,100.0,92.6,98.0,100.0,99.0,71.2,84.1,94.9,62.4,100.0,64.2,44.9,36.6,34.0,37.1,100.0,98.7,78.7,100.0,86.5,68.1,62.8,43.8,
05/05/2050,68.8,100.0,92.3,97.9,100.0,99.0,71.4,84.7,94.9,62.3,100.0,63.9,44.8,36.5,33.9,37.1,100.0,98.5,78.9,100.0,86.4,68.2,62.6,43.7,
05/06/2050,68.6,100.0,91.9,98.0,100.0,98.9,72.3,85.0,94.7,62.1,99.9,63.5,44.7,36.4,33.8,37.2,100.0,98.3,78.8,100.0,86.3,68.2,62.5,43.9,
05/07/2050,68.4,100.0,91.4,97.7,99.9,98.7,74.2,85.4,94.6,62.0,99.7,63.1,44.7,36.2,33.7,37.3,100.0,98.2,78.8,100.0,86.2,68.2,62.3,43.9,
05/08/2050,68.2,100.0,91.0,97.7,99.9,98.8,75.1,85.6,94.5,61.8,99.6,62.8,44.9,36.1,33.7,37.3,100.0,98.1,78.7,100.0,86.1,68.2,62.1,43.9,
05/09/2050,68.1,100.0,90.6,97.5,99.8,99.1,75.8,85.8,94.4,61.6,99.3,62.3,45.1,36.0,33.6,37.5,100.0,97.9,78.6,100.0,85.8,68.2,61.9,43.9,
05/10/2050,67.8,100.0,90.1,97.3,99.6,99.5,76.3,86.2,94.2,61.5,99.1,61.9,45.2,36.0,33.6,37.6,100.0,97.8,78.5,100.0,85.6,68.2,61.7,44.0,
05/11/2050,67.8,100.0,89.7,97.0,99.5,99.7,76.3,86.6,94.0,61.3,98.8,61.5,46.1,36.2,33.5,37.7,100.0,97.7,78.3,100.0,85.4,68.1,61.5,44.1,
05/12/2050,67.8,100.0,89.2,96.8,99.3,99.7,76.2,86.8,93.8,61.1,98.6,61.3,47.2,36.2,33.6,37.8,100.0,97.6,78.1,100.0,85.3,68.1,61.2,44.1,
05/13/2050,67.9,100.0,88.8,96.9,99.2,99.8,76.1,87.2,93.6,60.9,98.4,61.1,47.7,36.2,33.8,37.9,100.0,97.4,77.9,100.0,85.3,68.0,61.0,44.2,
05/14/2050,67.5,100.0,88.4,96.8,99.6,99.8,76.1,87.3,93.7,60.7,98.3,60.7,47.9,36.1,33.9,38.2,100.0,97.3,77.7,100.0,85.3,67.9,60.7,44.4,
05/15/2050,67.2,100.0,87.9,96.8,99.6,99.8,76.1,87.3,94.6,60.5,98.4,60.3,48.1,36.0,33.9,38.4,100.0,97.1,77.5,100.0,85.2,67.8,60.7,44.5,
05/16/2050,67.1,100.0,87.5,96.8,99.6,99.6,75.9,87.4,95.3,60.4,98.3,59.9,48.8,36.0,33.9,38.7,100.0,96.9,77.3,100.0,85.7,67.7,60.6,44.7,
05/17/2050,66.9,100.0,87.1,96.6,99.6,99.4,75.7,87.4,95.7,60.3,98.3,59.7,49.3,36.0,33.9,39.1,100.0,96.7,77.2,99.3,85.7,67.8,60.5,44.7,
05/18/2050,66.7,100.0,86.8,96.3,99.5,99.2,75.6,87.3,96.0,60.2,98.5,59.4,49.5,36.0,33.8,40.0,100.0,96.5,76.9,99.2,85.7,67.9,60.5,44.8,
05/19/2050,66.3,100.0,86.3,96.0,99.3,99.1,75.4,87.2,96.1,60.1,98.4,59.2,49.6,36.0,33.7,40.6,100.0,96.3,76.7,99.3,85.7,68.0,60.4,44.8,
05/20/2050,66.1,100.0,86.0,95.9,99.2,98.9,75.2,87.1,96.2,59.9,98.3,58.9,49.7,35.9,33.6,40.9,100.0,96.5,76.6,99.6,85.6,68.1,60.4,44.8,
05/21/2050,65.8,100.0,85.6,95.7,98.8,98.6,74.9,86.9,96.0,59.7,98.3,58.7,49.7,35.9,33.6,41.6,100.0,96.7,76.7,100.0,85.4,68.0,60.3,44.9,
05/22/2050,65.7,100.0,85.2,95.4,98.6,98.4,74.7,86.8,95.7,59.5,98.1,58.7,49.7,35.8,33.5,42.8,100.0,96.7,76.5,100.0,85.3,68.0,60.4,45.0,
05/23/2050,65.6,100.0,84.8,95.0,98.5,98.2,74.5,86.6,95.3,59.3,97.8,58.6,49.6,35.7,33.5,43.8,100.0,96.9,76.3,100.0,85.1,68.1,60.3,45.1,
05/24/2050,65.3,100.0,84.5,94.8,98.3,98.0,74.2,86.5,94.9,59.1,97.5,58.5,49.6,35.8,33.5,51.2,100.0,96.9,76.2,100.0,85.1,68.5,60.4,45.1,
05/25/2050,65.2,100.0,84.1,94.5,98.1,97.8,73.9,89.2,94.6,59.0,97.3,58.3,49.5,36.1,33.4,56.1,100.0,96.8,76.0,100.0,85.5,68.7,60.6,45.2,
05/26/2050,65.0,100.0,83.9,94.3,97.9,97.5,73.7,95.8,94.2,58.8,97.2,58.2,49.5,36.5,33.6,63.1,100.0,96.8,75.8,100.0,85.7,68.8,60.7,45.2,
05/27/2050,64.7,99.9,83.6,94.0,97.7,97.4,73.3,99.3,93.9,58.7,97.7,58.0,49.5,36.6,34.2,65.9,100.0,96.7,75.7,100.0,86.0,68.9,60.7,45.2,
05/28/2050,64.4,99.7,83.3,93.7,97.5,97.2,73.1,100.0,93.5,58.4,97.9,57.8,49.4,36.7,35.4,67.2,100.0,96.7,75.6,99.9,86.2,69.0,60.6,45.2,
05/29/2050,64.1,99.6,83.0,93.4,97.2,97.2,72.8,100.0,93.2,58.2,97.9,57.6,49.4,36.8,36.3,69.8,100.0,96.8,75.5,99.8,86.3,70.0,60.6,45.2,
05/30/2050,63.8,99.5,82.8,93.1,97.0,97.3,72.5,100.0,92.8,58.0,97.6,57.5,49.3,36.8,36.6,74.2,100.0,96.8,75.3,99.8,86.6,70.4,60.5,45.2,
05/31/2050,63.5,99.5,82.5,92.8,96.7,97.2,72.2,100.0,92.4,57.7,97.4,57.2,49.3,36.8,36.9,76.0,100.0,96.9,75.0,100.0,86.7,70.5,60.4,45.2,
06/01/2050,63.1,99.3,82.3,92.5,96.4,97.5,72.0,100.0,92.0,57.5,97.1,56.9,49.2,36.8,37.0,77.1,100.0,96.8,74.8,100.0,86.7,71.1,60.4,45.1,
06/02/2050,62.8,99.2,82.1,92.3,96.2,97.8,71.8,100.0,91.6,57.4,96.8,56.7,49.2,36.8,37.0,77.9,100.0,96.7,74.5,100.0,86.8,71.4,60.3,45.1,
06/03/2050,62.5,99.0,81.9,92.0,96.0,98.2,71.6,100.0,91.3,57.3,96.6,56.6,49.1,36.8,37.0,78.4,100.0,96.8,74.3,100.0,86.8,72.4,60.3,45.0,
06/04/2050,62.3,98.8,81.7,92.1,95.7,98.7,71.3,100.0,90.8,57.1,96.3,56.5,49.1,36.8,37.0,78.9,100.0,97.6,74.8,100.0,86.8,74.2,60.3,45.0,
06/05/2050,62.2,98.5,81.6,92.5,95.4,99.2,71.0,100.0,90.4,57.0,96.1,56.4,49.0,36.7,36.9,79.3,100.0,98.1,74.9,99.6,86.7,75.1,60.4,45.0,
06/06/2050,61.9,98.4,81.4,92.7,95.0,99.5,70.8,100.0,90.0,56.7,95.9,56.3,48.9,36.7,37.1,79.7,100.0,98.2,74.6,99.6,86.6,75.5,60.4,44.9,
06/07/2050,61.5,98.3,81.2,92.5,94.7,99.8,70.5,100.0,89.5,56.6,95.6,56.1,48.8,36.6,37.1,80.0,100.0,98.1,74.4,99.6,86.5,75.8,60.3,44.9,
06/08/2050,61.3,98.1,81.0,92.5,94.6,100.0,70.3,100.0,89.1,56.3,95.4,55.9,48.7,36.5,37.0,80.2,100.0,98.0,74.1,99.5,86.3,76.1,60.2,44.9,
06/09/2050,61.2,97.9,80.7,92.6,95.8,100.0,70.0,100.0,88.7,56.1,95.4,55.7,48.7,36.4,37.0,80.5,100.0,97.9,73.9,99.5,86.2,76.2,60.0,44.9,
06/10/2050,61.5,97.7,80.3,92.7,100.0,99.9,69.7,100.0,88.2,55.9,95.5,55.5,48.6,36.4,37.0,80.7,100.0,97.9,73.7,100.0,86.0,76.5,59.8,44.9,
06/11/2050,61.7,97.5,80.1,92.6,100.0,99.6,69.4,100.0,87.8,55.7,95.2,55.4,48.5,36.4,37.1,80.8,100.0,97.8,73.4,100.0,85.7,76.6,59.7,44.9,
06/12/2050,61.6,97.5,79.9,92.5,100.0,99.3,69.0,99.9,87.4,55.7,94.9,55.2,48.4,36.4,37.1,80.9,100.0,97.6,73.2,100.0,85.5,76.7,59.6,44.8,
06/13/2050,61.7,97.3,79.6,92.5,100.0,99.1,68.7,99.8,86.9,55.6,94.6,55.0,48.3,36.4,37.7,81.0,100.0,97.4,73.0,100.0,85.2,76.7,59.4,44.8,
06/14/2050,61.4,97.0,79.2,93.0,100.0,98.8,68.4,99.7,86.5,55.2,94.3,54.8,48.2,36.4,38.0,81.2,100.0,97.3,72.8,100.0,85.0,76.7,59.2,44.7,
06/15/2050,61.2,96.9,78.9,93.4,100.0,98.5,68.1,99.8,86.1,54.9,94.0,54.7,48.1,36.3,38.0,81.4,100.0,97.0,72.6,100.0,84.8,76.7,59.1,44.6,
06/16/2050,61.0,96.6,78.7,94.1,100.0,98.2,67.9,100.0,85.6,54.6,93.6,54.5,48.0,36.2,37.9,81.7,100.0,96.7,72.4,99.8,84.5,76.7,58.9,44.5,
06/17/2050,60.8,96.5,78.5,94.6,100.0,97.7,67.7,100.0,85.2,54.2,93.3,54.4,47.9,36.0,37.8,81.9,100.0,96.4,72.3,99.9,84.2,76.7,58.7,44.4,
06/18/2050,60.6,96.2,78.2,95.0,100.0,97.3,67.7,100.0,84.7,53.9,92.9,54.2,47.8,36.0,37.8,82.0,100.0,96.1,72.1,99.8,83.9,76.6,58.6,44.4,
06/19/2050,60.4,96.0,77.9,95.4,100.0,96.8,67.6,100.0,84.3,53.6,92.5,53.9,47.7,36.0,37.8,82.2,100.0,95.9,72.0,99.9,83.6,76.5,58.4,44.3,
06/20/2050,60.3,95.8,77.6,95.6,100.0,96.3,67.4,100.0,83.9,53.2,92.2,53.7,47.6,36.0,37.7,82.5,100.0,95.6,71.9,100.0,83.3,76.4,58.2,44.2,
06/21/2050,60.0,95.6,77.3,95.7,100.0,95.9,67.2,100.0,83.4,52.9,91.8,53.5,47.5,35.9,37.7,82.7,100.0,95.3,71.7,100.0,83.1,76.3,58.1,44.2,
06/22/2050,59.8,95.4,77.0,95.5,100.0,95.4,67.0,100.0,83.0,52.6,91.4,53.6,47.4,35.8,37.6,83.0,100.0,95.0,71.5,100.0,82.8,76.7,58.0,44.1,
06/23/2050,59.7,95.1,76.8,95.4,100.0,94.9,66.9,100.0,82.6,52.2,91.0,53.6,47.4,35.6,37.6,83.2,100.0,94.7,71.4,100.0,82.6,76.7,57.8,44.0,
06/24/2050,59.4,94.9,76.6,95.2,100.0,94.4,66.8,100.0,82.2,51.8,90.7,53.4,47.3,35.5,37.6,83.3,100.0,94.6,71.2,100.0,82.4,76.8,57.6,44.0,
06/25/2050,59.1,94.6,76.2,95.0,100.0,93.9,66.7,100.0,81.7,51.5,90.5,53.3,47.3,35.4,37.6,83.4,100.0,94.3,71.1,100.0,82.2,76.7,57.4,43.9,
06/26/2050,58.8,94.3,76.0,94.8,100.0,93.5,66.5,100.0,81.3,51.2,90.1,53.2,47.2,35.3,37.6,83.6,100.0,94.2,70.9,100.0,82.2,76.6,57.2,43.8,
06/27/2050,58.6,94.0,76.0,94.6,100.0,93.0,66.4,100.0,80.8,50.8,89.7,53.1,47.1,35.2,37.6,83.7,100.0,94.1,70.7,100.0,82.1,76.6,57.1,43.7,
06/28/2050,58.5,93.9,75.8,94.4,100.0,92.6,66.2,100.0,80.5,50.5,89.4,52.9,46.9,35.1,37.6,83.8,100.0,94.0,70.5,100.0,81.9,76.6,57.1,43.6,
06/29/2050,58.2,93.6,75.5,94.0,100.0,92.2,66.0,100.0,80.2,50.1,89.3,52.8,46.8,35.0,37.6,84.2,100.0,93.9,70.2,100.0,81.8,76.7,57.1,43.5,
06/30/2050,57.9,93.3,77.3,93.7,100.0,91.7,65.9,100.0,80.0,49.8,89.1,52.7,46.7,34.9,37.5,84.3,100.0,93.7,69.9,100.0,81.7,76.7,56.9,43.4,
07/01/2050,57.5,93.1,80.9,93.5,100.0,91.4,65.7,100.0,79.7,49.5,88.9,52.6,46.6,34.8,37.4,84.4,100.0,93.5,69.7,100.0,81.6,76.7,56.8,43.2,
07/02/2050,57.2,92.9,83.3,93.4,100.0,91.0,65.6,100.0,79.5,49.3,88.8,52.4,46.6,34.8,37.4,84.5,100.0,93.4,69.4,100.0,81.5,76.6,56.7,43.2,
07/03/2050,56.8,92.7,92.8,93.2,100.0,90.6,65.4,100.0,79.3,49.0,89.1,52.2,46.5,34.6,37.3,84.6,100.0,93.2,69.1,100.0,81.4,76.6,56.6,43.2,
07/04/2050,56.5,92.6,99.9,92.9,100.0,90.1,65.3,100.0,79.0,48.8,89.4,52.0,46.5,34.5,37.2,84.6,100.0,93.0,68.9,100.0,81.3,76.5,56.4,43.1,
07/05/2050,56.2,92.3,100.0,92.9,100.0,89.7,65.2,100.0,78.8,48.6,89.6,51.9,46.4,34.3,37.2,84.6,100.0,92.7,68.8,100.0,81.2,76.5,56.3,43.1,
07/06/2050,55.9,92.0,100.0,92.7,100.0,89.3,65.1,100.0,78.5,48.4,89.5,51.8,46.3,34.1,37.1,84.6,99.9,92.5,68.6,100.0,81.0,76.8,56.2,43.1,
07/07/2050,55.7,91.9,100.0,92.5,100.0,89.0,64.9,100.0,78.2,48.2,89.4,51.6,46.1,34.0,37.0,84.6,99.9,92.3,68.3,99.9,80.9,77.1,56.0,43.1,
07/08/2050,55.7,91.6,100.0,92.4,100.0,88.7,64.7,100.0,77.9,48.0,89.2,51.4,46.0,33.8,36.9,84.7,99.8,92.0,68.2,99.8,80.8,77.3,55.9,43.0,
07/09/2050,55.4,91.3,100.0,92.2,100.0,88.5,64.5,100.0,77.8,47.8,89.2,51.2,46.0,33.8,36.8,84.6,99.7,91.8,68.1,99.7,80.6,77.5,55.7,43.0,
07/10/2050,55.1,91.0,100.0,92.1,100.0,88.2,64.3,100.0,77.5,47.4,89.2,51.1,46.1,33.7,36.7,84.6,99.6,91.5,67.9,99.6,80.5,77.6,55.6,42.9,
07/11/2050,54.9,90.7,100.0,92.1,100.0,87.9,64.1,100.0,77.4,47.2,89.1,50.9,46.3,33.7,36.7,84.6,99.5,91.2,67.8,99.6,80.3,77.7,55.4,42.9,
07/12/2050,54.6,90.5,100.0,91.9,99.8,87.7,64.0,100.0,77.2,47.0,89.0,50.7,46.4,33.6,36.6,84.5,99.4,91.0,67.7,99.5,80.1,77.8,55.3,42.8,
07/13/2050,54.5,90.2,100.0,91.6,99.8,87.4,63.8,100.0,77.0,46.7,88.8,50.6,46.4,33.4,36.5,84.5,99.3,90.8,67.5,99.4,79.9,77.8,55.2,42.7,
07/14/2050,54.5,90.0,100.0,91.4,99.7,87.2,63.7,100.0,76.9,46.5,88.5,50.3,46.4,33.2,36.4,84.4,99.1,90.5,67.4,99.2,79.7,77.7,55.1,42.6,
07/15/2050,54.4,89.7,100.0,91.3,99.6,87.0,63.5,100.0,76.7,46.3,88.4,50.1,46.4,33.2,36.3,84.4,98.8,90.3,67.3,99.1,79.6,77.6,54.9,42.6,
07/16/2050,54.1,89.5,100.0,91.3,99.5,86.9,63.4,100.0,76.5,46.1,88.2,50.0,46.6,33.6,36.3,84.3,98.6,90.1,67.1,98.9,79.4,77.6,54.8,42.5,
07/17/2050,53.8,89.2,100.0,91.1,99.5,86.8,63.3,100.0,76.3,45.9,88.0,49.7,46.7,33.7,36.2,84.2,98.4,89.9,67.0,98.8,79.1,77.6,54.6,42.5,
07/18/2050,53.4,89.1,100.0,90.7,99.4,86.8,63.2,100.0,76.0,45.8,87.7,49.5,46.6,33.8,36.4,84.2,98.3,89.7,66.8,98.6,79.0,77.5,54.5,42.4,
07/19/2050,53.2,88.9,100.0,90.2,99.2,86.7,63.1,100.0,75.8,45.6,87.5,49.3,46.6,33.8,36.4,84.1,98.1,89.5,66.6,98.4,78.8,77.5,54.4,42.3,
07/20/2050,52.9,88.7,100.0,89.9,99.0,86.6,62.9,100.0,75.6,45.5,87.3,49.1,46.5,33.7,36.4,84.0,98.0,89.3,66.5,98.3,78.6,77.6,54.3,42.2,
07/21/2050,52.8,88.6,100.0,89.6,98.8,86.4,62.7,100.0,75.4,45.3,87.1,48.8,46.5,33.7,36.3,83.9,97.8,89.2,66.3,98.1,78.3,77.5,54.1,42.2,
07/22/2050,52.4,88.5,100.0,89.3,98.6,86.2,62.6,100.0,75.2,45.1,86.8,48.6,46.4,33.7,36.2,83.8,97.6,89.0,66.1,98.0,78.1,77.5,54.0,42.1,
07/23/2050,52.2,88.3,100.0,88.9,98.4,86.1,62.4,100.0,75.1,44.9,86.7,48.3,46.3,33.7,36.2,83.7,97.5,88.8,66.0,97.8,77.9,77.5,53.9,42.0,
07/24/2050,52.1,88.0,100.0,88.6,98.3,86.1,62.2,100.0,75.0,44.8,86.5,48.0,46.2,33.6,36.2,83.6,97.3,88.7,65.8,97.7,77.7,77.4,53.8,42.0,
07/25/2050,52.0,87.8,100.0,88.4,98.1,85.9,62.1,100.0,74.9,44.6,86.3,47.6,46.2,33.5,36.1,83.5,97.2,88.6,65.7,97.5,77.6,77.4,53.7,41.9,
07/26/2050,51.7,87.7,100.0,88.1,98.4,85.8,61.9,100.0,74.8,44.4,86.3,47.3,46.1,33.5,36.0,83.5,97.1,88.4,65.6,97.4,77.4,77.3,53.6,41.9,
07/27/2050,51.5,87.5,100.0,87.8,98.5,85.7,61.7,100.0,74.7,44.2,86.4,47.1,46.0,33.5,36.0,83.4,97.0,88.2,65.5,97.3,77.2,77.3,53.4,41.8,
07/28/2050,51.4,87.3,100.0,87.6,98.4,85.8,61.5,100.0,74.5,44.0,86.2,47.0,45.9,33.5,35.9,83.3,96.9,88.1,65.3,97.1,77.0,77.2,53.3,41.8,
07/29/2050,51.4,87.1,100.0,87.3,98.4,85.7,61.3,100.0,74.3,43.8,86.1,46.9,45.8,33.4,35.9,83.2,96.9,87.9,65.2,97.0,76.9,77.1,53.1,41.7,
07/30/2050,51.3,87.0,100.0,86.9,98.4,85.7,61.1,100.0,74.1,43.7,85.9,46.8,45.7,33.3,35.9,83.1,96.8,87.7,65.1,96.9,76.7,77.1,53.0,41.6,
07/31/2050,51.2,86.9,100.0,86.6,98.4,85.6,60.9,100.0,73.9,43.6,85.8,46.6,45.7,33.2,35.9,83.0,96.7,87.5,65.0,96.8,76.6,77.0,52.8,41.6,
08/01/2050,51.2,86.8,100.0,86.5,98.4,85.5,60.8,100.0,73.8,43.5,85.6,46.3,45.6,33.2,35.8,82.9,96.6,87.4,64.9,96.7,76.5,76.9,52.7,41.5,
08/02/2050,51.3,86.7,100.0,86.4,98.4,85.4,60.9,100.0,73.6,43.5,85.4,46.1,45.5,33.1,35.8,82.8,96.5,87.2,64.7,96.6,76.4,77.0,52.5,41.4,
08/03/2050,51.6,86.6,100.0,86.2,98.5,85.3,60.7,100.0,73.3,43.3,85.2,46.0,45.4,33.0,35.7,82.7,96.3,87.0,64.6,96.5,76.3,77.4,52.4,41.4,
08/04/2050,51.7,86.5,100.0,86.0,98.4,85.2,60.6,100.0,73.1,43.2,85.0,45.9,45.2,32.9,35.6,82.6,96.2,86.9,64.4,96.4,76.3,77.4,52.2,41.3,
08/05/2050,51.7,86.4,100.0,85.8,98.4,85.1,60.4,100.0,73.0,43.1,84.8,45.9,45.1,32.9,35.5,82.5,96.1,86.7,64.3,96.3,76.2,77.4,52.1,41.2,
08/06/2050,51.7,86.3,99.9,85.7,98.4,85.1,60.1,100.0,72.9,42.9,84.6,45.8,45.0,32.8,35.4,82.4,95.9,86.5,64.1,96.2,76.0,77.3,51.9,41.2,
08/07/2050,51.8,86.1,99.7,85.6,98.3,85.1,59.9,100.0,72.7,42.9,84.4,45.5,44.9,32.7,35.4,82.3,95.8,87.2,64.0,96.1,75.9,77.2,51.8,41.1,
08/08/2050,51.8,85.8,99.6,85.5,98.2,85.1,59.6,100.0,72.4,42.6,84.1,45.1,44.8,32.5,35.3,82.1,95.6,88.1,63.9,96.0,75.7,77.1,51.6,41.1,
08/09/2050,51.7,85.5,99.7,85.5,98.0,85.1,59.4,100.0,72.2,42.4,83.9,44.9,44.7,32.4,35.2,82.0,95.4,88.3,63.8,95.9,75.6,77.0,51.5,41.0,
08/10/2050,51.7,85.2,99.8,85.3,97.9,85.1,59.2,100.0,72.0,42.1,83.6,44.7,44.7,32.2,35.1,81.9,95.2,88.4,63.7,95.8,75.4,76.9,51.4,40.9,
08/11/2050,51.8,85.0,99.8,85.1,97.8,85.5,58.9,100.0,71.9,41.9,83.3,44.6,44.6,32.1,35.0,81.8,95.0,88.3,63.7,95.7,75.3,76.9,51.3,40.8,
08/12/2050,51.6,84.7,99.6,84.9,97.6,85.9,58.7,100.0,71.7,41.7,83.0,44.4,44.5,32.0,35.0,81.6,94.8,88.2,63.8,95.5,75.1,76.8,51.2,40.7,
08/13/2050,51.4,84.4,99.4,84.8,97.3,86.1,58.5,100.0,71.6,41.6,82.9,44.2,44.3,32.0,34.9,81.5,94.7,88.1,63.8,95.4,74.9,76.6,51.1,40.5,
08/14/2050,51.2,84.2,99.4,84.6,97.0,86.3,58.4,100.0,71.4,41.4,82.6,43.9,44.2,31.9,34.8,81.4,94.7,87.9,63.6,95.2,74.8,76.5,50.9,40.4,
08/15/2050,51.0,84.1,99.2,84.4,96.7,86.3,58.2,100.0,71.3,41.3,82.2,43.5,44.1,31.8,34.7,81.4,95.0,87.8,63.5,95.1,74.6,76.5,50.8,40.3,
08/16/2050,51.0,84.0,99.2,84.2,96.4,86.4,58.0,100.0,71.2,41.2,82.0,43.3,43.9,31.8,34.6,81.3,96.0,87.6,63.4,94.9,74.4,76.7,50.7,40.1,
08/17/2050,51.0,83.9,99.1,84.0,96.1,86.5,57.8,100.0,71.0,41.0,81.7,43.2,43.8,31.8,34.5,81.1,97.2,87.5,63.3,94.7,74.2,76.6,50.6,40.0,
08/18/2050,51.0,83.8,98.9,83.9,95.8,86.5,57.5,100.0,71.0,40.9,81.5,43.0,43.7,31.7,34.3,81.0,98.0,87.4,63.2,94.5,74.1,76.5,50.6,39.9,
08/19/2050,50.8,83.8,98.7,83.8,95.5,86.5,57.3,100.0,71.0,40.7,81.2,42.9,43.6,31.6,34.2,80.9,98.4,87.2,63.1,94.2,73.9,76.5,50.6,39.8,
08/20/2050,50.7,83.8,98.7,83.6,95.2,86.6,57.1,100.0,71.0,40.6,80.9,42.8,43.6,31.6,34.1,80.8,99.1,87.0,63.0,94.0,73.7,76.3,50.5,39.7,
08/21/2050,50.7,83.7,98.4,83.4,95.2,86.7,56.9,100.0,71.0,40.5,80.6,42.5,43.5,31.5,33.9,80.7,100.0,86.7,62.9,93.8,73.6,76.2,50.4,39.6,
08/22/2050,50.5,83.4,98.1,83.2,95.6,86.8,56.8,100.0,70.9,40.4,80.4,42.3,43.4,31.4,33.8,80.6,100.0,86.5,62.8,93.6,73.5,76.1,50.4,39.5,
08/23/2050,50.4,83.1,97.9,83.0,96.5,86.9,56.5,100.0,70.8,40.2,80.1,42.2,43.2,31.3,33.7,80.5,100.0,86.2,62.7,93.4,73.4,76.0,50.6,39.4,
08/24/2050,50.3,82.8,97.7,82.9,97.5,87.0,56.2,100.0,70.7,40.1,79.9,42.1,43.1,31.2,33.6,80.4,100.0,86.0,62.5,93.2,73.3,75.9,50.6,39.3,
08/25/2050,50.1,82.4,97.6,82.8,98.4,87.2,55.9,100.0,70.6,39.9,79.7,41.9,43.0,31.1,33.5,80.3,100.0,85.9,62.3,93.0,73.1,75.8,50.5,39.2,
08/26/2050,50.0,82.1,97.4,82.6,98.6,87.3,55.7,100.0,70.6,39.7,79.5,41.8,42.9,31.0,33.4,80.2,100.0,86.1,62.2,92.8,73.0,75.7,50.4,39.1,
08/27/2050,49.9,81.9,97.2,82.4,99.0,87.4,55.5,100.0,70.4,39.6,79.3,41.7,42.8,30.9,33.3,80.1,100.0,86.6,62.1,92.7,72.8,75.7,50.3,39.0,
08/28/2050,49.8,81.9,97.0,82.3,99.3,87.4,55.2,100.0,70.3,39.5,79.0,41.5,42.7,30.8,33.2,80.0,100.0,86.6,62.0,92.5,72.7,75.7,50.3,38.9,
08/29/2050,49.8,81.8,96.9,82.2,99.7,87.4,55.1,100.0,70.1,39.3,78.8,41.3,42.6,30.8,33.1,79.9,100.0,86.6,61.9,92.4,72.5,75.6,50.2,38.8,
08/30/2050,50.0,81.8,96.8,82.0,99.9,87.4,55.0,100.0,70.0,39.2,78.6,41.2,42.5,30.7,33.0,79.8,100.0,86.5,61.7,92.2,72.3,75.5,50.2,38.7,
08/31/2050,50.1,81.9,96.6,81.9,99.9,87.4,54.9,100.0,69.9,39.1,78.3,41.1,42.4,30.7,32.9,79.7,100.0,86.5,61.6,92.0,72.2,75.5,50.2,38.6,
09/01/2050,50.1,82.1,96.3,82.0,100.0,87.5,54.7,100.0,69.8,38.9,78.1,41.0,42.3,30.6,32.8,79.6,100.0,86.4,61.4,91.9,72.0,75.3,50.3,38.5,
09/02/2050,50.1,82.3,96.2,81.8,100.0,87.5,54.6,100.0,69.7,38.8,77.8,40.8,42.2,30.5,32.7,79.5,100.0,86.4,61.2,91.8,71.8,75.2,50.6,38.4,
09/03/2050,50.0,82.3,96.0,81.6,100.0,87.4,54.5,100.0,69.6,38.6,77.8,40.7,42.1,30.5,32.6,79.4,100.0,86.4,61.1,91.6,71.8,75.0,50.9,38.3,
09/04/2050,49.9,82.4,95.8,81.5,100.0,87.3,54.3,100.0,69.5,38.5,77.6,40.6,42.0,30.4,32.5,79.3,100.0,86.3,61.1,91.4,71.7,74.8,51.0,38.2,
09/05/2050,49.9,82.5,95.6,81.4,99.8,87.1,54.3,100.0,69.3,38.4,77.3,40.4,41.9,30.4,32.4,79.2,100.0,86.3,61.1,91.3,71.6,74.7,51.1,38.1,
09/06/2050,50.0,82.7,95.4,81.3,99.7,86.8,54.2,100.0,69.0,38.1,77.1,40.3,41.8,30.3,32.4,79.1,100.0,86.2,61.1,91.1,71.5,74.5,51.1,37.9,
09/07/2050,49.8,82.9,95.3,81.1,99.5,86.6,54.1,100.0,68.7,38.1,77.3,40.1,41.6,30.2,32.3,79.0,100.0,86.1,61.1,90.9,71.4,74.4,51.1,37.8,
09/08/2050,49.6,83.0,95.9,80.9,99.3,86.3,54.0,100.0,68.5,37.9,80.6,40.0,41.5,30.1,32.3,78.9,99.9,86.0,61.4,90.7,71.2,74.3,51.1,37.7,
09/09/2050,49.5,82.9,96.1,80.7,99.1,86.0,54.0,100.0,68.4,37.7,84.4,39.9,41.4,30.0,32.2,78.8,99.9,85.9,61.7,90.5,71.4,74.1,51.0,37.6,
09/10/2050,49.5,82.9,96.0,80.6,98.9,85.8,53.9,100.0,68.3,37.6,84.8,39.8,41.2,30.0,32.1,78.7,99.8,85.8,62.3,90.3,72.0,74.0,50.9,37.4,
09/11/2050,49.6,83.0,95.8,80.6,98.7,85.7,53.8,100.0,68.4,37.5,85.1,39.7,41.1,29.9,32.1,78.7,99.8,85.8,62.5,90.1,72.0,73.8,50.9,37.3,
09/12/2050,49.4,83.0,95.7,80.8,98.6,85.5,53.7,100.0,68.6,37.9,85.3,39.5,41.1,29.8,32.0,78.6,99.7,85.7,62.6,89.9,72.0,73.6,50.8,37.1,
09/13/2050,49.3,82.9,95.5,80.6,98.4,85.3,53.6,100.0,68.6,38.2,85.3,39.3,41.1,29.6,32.0,78.5,99.6,85.6,62.7,89.7,72.0,73.5,50.7,36.9,
09/14/2050,49.1,82.8,95.3,80.7,98.3,85.0,53.5,100.0,68.3,38.4,85.3,39.1,41.5,29.5,32.0,78.4,99.6,85.5,62.8,89.6,71.9,73.5,50.6,36.8,
09/15/2050,49.0,82.8,95.2,80.7,98.1,84.8,53.4,100.0,68.1,38.4,85.3,39.0,41.7,29.4,31.9,78.4,99.5,85.4,63.2,89.4,71.8,73.3,50.5,36.7,
09/16/2050,48.9,82.7,95.0,80.7,98.0,84.5,53.2,100.0,67.9,38.4,85.2,38.9,41.8,29.3,31.8,78.3,99.4,85.3,63.4,89.2,71.7,73.2,50.4,36.7,
09/17/2050,48.8,82.6,94.8,80.7,97.7,84.2,53.1,100.0,67.8,38.3,85.1,38.7,42.0,29.1,31.8,78.2,99.4,85.2,63.6,89.0,71.6,73.1,50.3,36.7,
09/18/2050,48.7,82.5,94.5,80.7,97.5,83.9,53.1,100.0,67.7,38.2,85.0,38.5,42.1,29.0,32.3,78.1,99.3,85.1,63.8,88.9,71.6,72.9,50.1,36.6,
09/19/2050,48.8,82.4,94.3,80.8,97.3,83.6,53.1,100.0,67.6,38.1,84.9,38.3,42.0,28.9,33.1,78.0,99.2,85.0,63.9,88.8,71.5,72.8,50.0,36.6,
09/20/2050,48.8,82.3,94.2,80.7,97.0,83.4,52.9,100.0,67.5,37.9,84.8,38.1,41.9,29.0,33.4,78.0,99.1,84.9,64.0,88.7,71.4,72.7,49.9,36.5,
09/21/2050,48.7,82.5,93.9,80.7,96.7,83.2,52.8,99.8,67.4,37.7,84.7,38.0,41.9,29.5,33.5,77.9,99.0,84.8,64.3,88.6,71.4,72.5,49.8,36.4,
09/22/2050,48.5,82.6,93.7,80.7,96.5,83.1,52.6,99.7,67.2,37.7,84.6,37.9,41.9,29.7,33.6,77.8,98.9,84.6,65.0,88.5,71.5,72.4,49.7,36.4,
09/23/2050,48.4,82.8,93.4,80.7,96.3,83.0,52.4,99.7,67.2,37.9,84.6,37.8,41.9,30.1,33.6,77.7,98.9,84.6,65.5,88.4,71.4,72.3,49.6,36.3,
09/24/2050,48.3,82.6,93.2,80.7,96.2,82.9,52.3,99.7,66.9,38.0,84.6,37.7,41.8,30.5,33.6,77.6,98.8,84.5,66.3,88.3,71.3,72.1,49.5,36.3,
09/25/2050,48.4,82.4,92.9,80.7,96.1,82.7,52.2,99.7,66.7,37.8,84.5,37.5,41.7,30.6,33.6,77.5,98.9,84.4,66.6,88.2,71.3,72.0,49.4,36.2,
09/26/2050,48.1,82.2,92.6,80.7,96.0,82.4,52.0,99.6,66.6,37.8,84.5,37.4,41.7,30.6,33.5,77.4,99.2,84.4,66.9,88.0,71.2,71.8,49.3,36.1,
09/27/2050,47.9,82.0,92.4,80.7,95.9,82.2,51.8,99.5,66.5,37.6,84.4,37.2,41.7,30.6,33.5,77.3,99.4,84.6,67.0,87.9,71.1,71.6,49.1,36.1,
09/28/2050,47.8,81.9,92.2,80.7,95.7,82.0,51.7,99.5,66.4,37.5,84.3,37.1,41.7,30.6,33.5,77.3,100.0,84.6,67.0,87.8,71.1,71.5,49.0,36.0,
09/29/2050,47.7,81.8,92.0,80.7,95.5,81.8,51.6,99.4,66.4,37.5,84.1,37.0,41.8,30.6,33.4,77.2,100.0,84.7,67.0,87.7,70.9,71.8,48.9,35.9,
09/30/2050,47.4,81.7,91.8,80.7,95.3,81.5,51.5,99.4,66.3,37.7,84.1,36.9,41.9,30.6,33.4,77.1,100.0,84.7,67.2,87.6,70.8,71.7,48.8,35.8,
10/01/2050,47.2,81.5,91.6,80.6,95.1,81.4,51.4,99.4,66.2,37.6,83.9,36.8,41.8,30.6,33.3,77.0,100.0,84.7,67.2,87.5,70.7,71.9,48.6,35.8,
10/02/2050,47.1,81.4,91.6,80.5,95.3,81.1,51.3,99.4,66.1,37.5,83.8,36.7,41.8,30.6,33.3,76.9,100.0,84.6,67.1,87.3,70.6,72.3,48.6,35.7,
10/03/2050,47.1,81.2,91.4,80.4,95.4,80.8,51.1,99.4,66.0,37.4,83.7,36.5,41.8,30.5,33.2,76.8,100.0,84.6,67.2,87.2,70.5,72.5,48.5,35.6,
10/04/2050,47.2,81.1,91.2,80.4,95.4,80.5,51.1,99.3,65.8,37.6,83.5,36.4,41.7,30.5,33.1,76.7,100.0,84.7,67.1,87.1,70.5,72.5,48.4,35.6,
10/05/2050,47.3,81.0,91.1,80.3,95.5,80.2,50.9,99.3,65.7,38.0,83.4,36.2,41.6,30.5,33.1,76.6,100.0,84.7,67.1,86.9,70.4,72.5,48.3,35.7,
10/06/2050,47.2,80.9,90.9,80.5,95.4,79.9,50.8,99.3,65.6,37.9,83.2,36.1,41.5,30.4,33.0,76.5,100.0,84.6,67.1,86.8,70.4,72.4,48.2,35.8,
10/07/2050,47.1,80.8,90.8,80.5,95.3,79.6,50.7,99.3,65.7,38.1,83.1,36.0,41.5,30.4,32.9,76.4,100.0,84.6,67.0,86.7,70.4,72.3,48.1,35.7,
10/08/2050,47.0,80.6,90.8,80.4,95.2,79.3,50.6,99.3,65.7,38.1,83.0,35.8,41.3,30.3,32.9,76.3,100.0,84.5,67.0,86.5,70.3,72.2,47.9,35.6,
10/09/2050,46.9,80.5,91.1,80.5,95.1,79.1,50.4,99.3,65.6,38.3,82.9,36.2,41.3,30.3,32.8,76.2,100.0,84.5,69.5,86.4,70.2,72.1,47.8,35.5,
10/10/2050,46.9,80.6,91.2,80.5,94.9,79.1,50.8,99.3,65.5,38.5,82.8,36.6,41.3,30.2,32.8,76.1,99.9,84.4,73.6,86.2,70.0,72.0,47.6,35.4,
10/11/2050,46.9,81.1,91.2,80.6,94.8,79.0,51.5,99.3,65.4,38.5,82.7,36.7,41.2,30.2,32.8,76.0,99.8,84.3,76.2,86.3,69.9,71.9,47.4,35.3,
10/12/2050,46.8,81.5,91.1,80.9,94.6,78.9,51.6,99.3,65.4,38.6,82.7,36.7,41.2,30.1,32.8,75.9,99.7,84.2,76.9,86.2,69.8,71.9,47.4,35.3,
10/13/2050,46.7,82.2,91.1,81.2,94.3,78.7,51.6,99.3,65.3,38.9,82.6,36.5,41.2,30.8,32.8,75.9,99.7,84.2,77.0,86.1,69.7,72.0,47.3,35.2,
10/14/2050,46.7,82.5,91.0,81.8,94.2,78.6,51.6,99.3,65.3,39.1,82.6,36.4,41.3,31.6,32.8,75.8,99.6,84.1,77.1,86.0,69.6,72.6,47.2,35.1,
10/15/2050,46.7,82.6,90.9,82.0,94.1,78.5,51.5,99.3,65.4,39.3,82.5,36.3,41.4,31.9,32.7,75.7,99.5,84.1,77.6,86.0,69.6,72.7,47.1,35.1,
10/16/2050,46.8,82.7,90.8,82.1,94.0,78.4,51.6,99.3,65.6,39.4,82.4,36.3,41.4,32.0,32.7,75.6,99.4,84.0,94.4,86.0,69.5,72.7,47.0,35.0,
10/17/2050,46.9,82.6,90.7,82.2,93.9,78.3,51.6,99.2,65.5,39.4,82.3,36.2,41.4,32.1,32.6,75.4,99.4,83.9,100.0,85.9,69.4,72.7,46.9,34.9,
10/18/2050,46.8,82.6,90.6,82.3,93.8,78.2,51.6,99.2,65.5,39.4,82.3,36.2,41.3,32.3,32.6,75.4,99.3,83.9,100.0,85.8,69.4,72.6,46.8,34.8,
10/19/2050,46.8,82.8,90.9,82.3,93.7,78.0,51.6,99.2,65.4,39.4,82.2,36.1,41.3,32.5,32.5,75.2,99.2,83.8,100.0,85.7,69.4,72.6,46.7,34.7,
10/20/2050,46.7,82.9,91.1,82.3,93.6,77.9,51.6,99.2,65.4,39.4,82.2,36.0,41.2,32.6,32.5,75.2,99.2,83.8,100.0,85.6,69.3,72.5,46.6,34.6,
10/21/2050,46.7,82.8,91.2,82.3,93.5,77.8,51.6,99.2,65.4,39.4,82.1,36.0,41.2,32.7,32.4,75.1,99.1,83.7,100.0,85.6,69.3,72.5,46.6,34.5,
10/22/2050,47.0,82.7,91.5,82.2,93.4,77.7,51.5,99.2,65.4,43.8,82.1,36.0,41.1,32.7,32.4,75.0,99.0,83.8,100.0,85.5,69.3,72.4,46.5,34.4,
10/23/2050,47.2,82.7,91.8,82.2,93.8,77.6,51.5,99.2,65.3,47.9,82.0,35.9,41.1,32.7,32.4,75.0,98.8,83.8,100.0,85.4,69.2,72.4,46.4,34.4,
10/24/2050,48.1,83.0,92.1,82.2,94.1,77.5,51.4,99.2,65.3,48.4,81.9,35.8,41.1,32.7,32.3,76.0,98.8,83.7,100.0,85.4,69.2,72.3,46.3,34.4,
10/25/2050,52.0,83.2,92.7,82.2,94.2,77.3,51.5,99.1,65.3,48.7,81.9,35.7,41.0,32.7,32.2,76.8,98.7,83.6,100.0,85.5,69.1,72.3,46.3,34.3,
10/26/2050,53.4,83.0,93.1,82.1,94.3,77.2,51.6,99.0,65.2,49.4,81.9,35.6,41.1,32.7,32.2,76.9,98.6,83.5,100.0,85.4,69.1,72.3,46.2,34.6,
10/27/2050,54.2,83.0,93.4,82.0,94.6,77.1,51.6,99.0,65.1,51.2,81.8,35.6,41.0,32.7,32.1,77.0,98.6,83.5,100.0,85.3,69.1,72.3,46.2,36.4,
10/28/2050,54.3,82.9,93.6,81.9,94.8,76.9,51.5,99.0,65.1,52.1,81.7,35.5,40.9,32.7,32.0,77.1,98.5,83.3,100.0,85.2,69.1,72.3,46.2,37.8,
10/29/2050,54.5,82.8,93.8,81.8,94.9,76.8,51.5,98.9,65.0,52.7,81.6,35.4,40.8,32.8,32.0,77.1,98.4,83.2,100.0,85.2,69.0,72.2,46.3,38.3,
10/30/2050,54.7,82.7,93.8,81.7,94.9,76.7,51.4,98.8,64.9,53.0,81.5,35.4,40.8,32.9,31.9,78.6,98.3,83.2,100.0,85.3,68.9,72.1,46.2,38.6,
10/31/2050,54.9,82.6,93.8,81.7,94.9,76.6,51.4,98.8,64.9,53.2,81.4,35.3,40.7,33.2,31.9,81.6,98.3,83.1,100.0,85.2,68.9,72.1,46.2,38.6,
11/01/2050,55.2,82.6,93.9,81.8,95.4,76.6,51.4,98.8,64.9,53.4,81.4,35.2,40.7,33.3,31.8,82.5,98.2,83.0,100.0,85.0,68.8,72.0,46.2,38.7,
11/02/2050,55.5,82.6,94.0,81.7,95.9,76.5,51.3,98.8,64.9,53.5,81.3,35.2,40.6,33.4,31.7,82.8,98.1,83.0,100.0,84.9,68.8,72.0,46.2,38.7,
11/03/2050,56.7,82.6,94.3,81.7,95.9,76.4,51.2,98.8,64.9,53.7,81.3,35.1,40.6,33.4,31.6,82.9,98.3,82.9,100.0,84.8,68.7,72.1,46.2,38.7,
11/04/2050,67.6,82.5,94.6,81.7,95.9,76.4,51.2,98.8,64.8,53.9,81.3,35.1,40.5,33.4,31.6,83.1,98.9,82.9,100.0,84.8,68.6,72.3,46.2,38.7,
11/05/2050,80.7,82.5,95.0,81.7,95.9,76.3,51.1,98.8,64.8,53.9,81.2,35.0,40.5,33.4,31.7,83.3,99.4,82.9,100.0,84.7,68.5,72.4,46.3,38.7,
11/06/2050,85.6,82.2,95.1,81.6,95.9,76.3,51.1,98.8,64.8,53.9,81.1,35.0,40.5,33.6,31.8,83.4,100.0,82.8,100.0,84.7,68.4,72.4,46.2,38.7,
11/07/2050,89.7,81.9,95.3,81.6,95.9,76.2,51.1,98.7,64.7,53.9,81.0,34.9,40.5,33.9,31.8,83.7,100.0,82.8,100.0,84.7,68.4,72.4,46.1,38.7,
11/08/2050,91.3,81.8,95.4,81.6,95.9,76.1,51.1,98.6,64.7,53.9,81.0,34.9,40.4,33.9,31.8,84.0,100.0,82.7,100.0,84.7,68.3,72.4,46.1,38.7,
11/09/2050,91.9,81.9,95.5,81.5,95.9,76.1,51.3,98.6,64.7,54.3,80.9,34.9,40.4,34.0,31.8,84.1,100.0,82.7,100.0,84.6,68.2,72.4,46.1,38.7,
11/10/2050,92.6,81.9,95.7,81.5,95.9,76.0,51.3,98.6,64.6,54.6,80.8,34.8,40.3,34.0,31.7,84.3,100.0,82.6,100.0,84.5,68.2,72.4,46.1,38.8,
11/11/2050,93.1,81.9,95.7,81.5,95.9,75.9,51.2,98.6,64.6,54.7,80.8,34.8,40.3,34.0,31.7,84.4,100.0,82.5,100.0,84.5,68.1,72.4,46.3,38.8,
11/12/2050,93.6,81.9,95.9,81.5,95.9,75.9,51.1,98.6,64.6,54.8,80.7,34.7,40.2,34.1,31.7,84.6,100.0,82.5,100.0,84.5,68.0,72.4,46.4,38.8,
11/13/2050,94.0,81.9,95.9,81.4,95.9,75.8,51.1,98.7,64.6,54.8,80.7,34.7,40.2,34.1,31.6,84.6,100.0,82.5,100.0,84.3,68.0,72.3,46.3,38.9,
11/14/2050,94.1,81.9,96.0,81.3,96.2,75.8,51.0,98.7,64.7,54.8,80.6,34.6,40.1,34.1,31.5,84.7,100.0,82.5,100.0,84.3,67.9,72.3,46.2,38.8,
11/15/2050,94.5,86.3,96.1,81.2,97.4,75.9,51.0,98.7,64.6,54.9,80.5,34.7,40.1,34.0,31.5,84.8,100.0,82.4,100.0,84.2,67.9,72.2,46.3,38.8,
11/16/2050,94.8,100.0,96.1,81.2,98.2,75.8,51.0,98.6,64.6,55.0,80.5,34.7,40.0,34.0,31.4,84.8,100.0,82.3,100.0,84.1,67.8,72.2,46.2,38.8,
11/17/2050,95.1,100.0,96.1,81.3,100.0,75.6,50.9,98.6,64.5,55.0,80.4,34.7,39.9,34.0,31.4,85.0,100.0,82.3,100.0,84.0,67.7,72.1,46.1,38.8,
11/18/2050,95.7,100.0,96.1,81.4,100.0,75.5,50.8,98.6,64.5,55.0,80.3,34.6,39.9,34.0,31.3,85.1,100.0,82.3,100.0,83.9,67.7,72.1,46.1,38.8,
11/19/2050,96.5,100.0,96.2,81.3,100.0,75.5,50.8,98.5,64.5,55.0,80.2,34.6,39.8,34.0,31.3,85.1,100.0,82.3,100.0,83.8,67.7,72.0,46.0,38.8,
11/20/2050,97.3,100.0,96.2,81.3,100.0,75.4,50.7,98.5,64.5,55.4,80.1,34.5,39.8,34.0,31.3,85.2,100.0,82.2,100.0,83.8,67.6,72.0,45.9,38.7,
11/21/2050,97.6,100.0,96.2,81.3,100.0,75.3,50.7,98.6,64.4,56.6,80.1,34.5,39.8,34.0,31.3,85.3,100.0,82.1,100.0,83.7,67.6,71.9,45.9,38.7,
11/22/2050,98.0,100.0,96.3,81.3,100.0,75.3,50.6,98.6,64.4,57.4,80.0,34.6,39.7,34.5,31.4,85.2,100.0,82.1,100.0,83.7,67.6,71.9,45.9,38.7,
11/23/2050,98.3,100.0,96.3,81.3,100.0,75.2,50.6,98.5,64.4,57.9,79.9,34.6,39.7,34.9,32.1,85.2,100.0,82.0,100.0,83.7,67.6,71.8,46.0,38.6,
11/24/2050,98.9,100.0,96.4,81.2,100.0,75.1,50.5,98.6,64.4,58.2,79.9,34.6,39.6,35.0,32.5,85.3,100.0,81.9,100.0,83.6,67.5,71.8,46.0,38.6,
11/25/2050,99.0,100.0,96.4,81.0,100.0,75.0,50.5,98.7,64.4,58.4,79.8,34.6,39.5,35.1,32.5,85.3,100.0,81.9,100.0,83.5,67.6,71.7,46.0,38.5,
11/26/2050,99.3,100.0,96.6,81.0,100.0,75.1,50.4,98.7,64.3,58.5,79.7,34.7,39.5,35.2,32.6,85.4,100.0,81.9,100.0,83.5,67.6,71.7,46.2,38.5,
11/27/2050,99.5,100.0,96.7,80.9,100.0,75.0,50.4,98.7,64.2,58.7,79.6,34.7,39.5,35.3,32.6,85.6,100.0,81.8,100.0,83.4,67.7,71.6,46.3,38.5,
11/28/2050,99.7,100.0,96.7,80.8,100.0,75.0,50.4,98.7,64.2,58.9,79.5,34.7,39.5,35.4,32.6,86.2,100.0,81.7,100.0,83.3,67.7,71.6,46.3,38.4,
11/29/2050,100.0,100.0,96.7,80.8,100.0,74.9,50.4,98.7,64.2,59.0,79.5,34.6,39.5,35.5,32.6,87.0,100.0,81.7,100.0,83.3,67.8,71.5,46.3,38.3,
11/30/2050,100.0,100.0,96.8,80.7,100.0,74.8,50.4,98.8,64.2,59.3,79.4,34.6,39.4,35.5,32.5,87.5,100.0,81.6,100.0,83.2,67.8,71.5,46.4,38.3,
12/01/2050,100.0,100.0,96.8,80.6,100.0,74.8,50.4,98.8,64.2,59.4,79.3,34.6,39.3,35.5,32.5,87.9,99.9,81.5,100.0,83.1,67.8,71.5,46.5,38.2,
12/02/2050,100.0,100.0,96.9,80.6,100.0,74.7,50.4,98.9,64.2,59.7,79.2,34.6,39.3,35.6,32.5,88.2,99.9,81.5,100.0,83.1,67.8,71.5,46.5,38.2,
12/03/2050,100.0,100.0,97.0,80.6,100.0,74.7,50.4,98.9,64.2,59.9,79.2,34.7,39.3,35.7,32.6,88.4,100.0,81.5,100.0,83.0,67.8,71.5,46.5,38.1,
12/04/2050,100.0,100.0,97.1,80.5,100.0,74.7,50.4,98.8,64.1,60.2,79.2,34.8,39.2,35.8,32.6,88.5,100.0,81.5,100.0,83.0,67.7,71.5,46.4,38.1,
12/05/2050,100.0,100.0,97.2,80.4,100.0,74.6,50.3,98.8,64.1,60.4,79.1,34.9,39.2,35.9,32.6,88.7,100.0,81.5,100.0,82.9,67.6,71.4,46.4,38.1,
12/06/2050,100.0,100.0,97.2,80.3,100.0,74.5,50.3,98.9,64.1,60.5,79.0,34.9,39.2,36.0,32.6,88.8,100.0,81.6,100.0,82.8,67.6,71.4,46.4,38.1,
12/07/2050,100.0,100.0,97.3,80.2,100.0,74.5,50.3,98.8,64.1,60.6,78.9,34.9,39.2,36.0,32.5,88.9,100.0,81.7,100.0,82.7,67.5,71.4,46.4,38.1,
12/08/2050,100.0,100.0,97.4,80.1,100.0,74.5,50.2,98.8,64.1,60.9,78.8,34.9,39.1,36.0,32.5,89.0,100.0,81.6,100.0,82.7,67.5,71.3,46.4,38.0,
12/09/2050,100.0,100.0,97.8,80.2,100.0,74.5,50.2,98.9,64.1,61.1,78.7,34.9,39.1,36.0,32.5,89.1,100.0,81.6,100.0,82.6,67.5,71.3,46.4,37.9,
12/10/2050,100.0,100.0,98.2,80.1,100.0,74.5,50.1,99.0,64.1,61.2,78.7,34.9,39.1,36.0,32.5,89.2,100.0,81.5,100.0,82.6,67.4,71.3,46.4,37.9,
12/11/2050,100.0,100.0,98.4,80.1,100.0,74.4,50.1,99.0,64.0,61.2,78.6,34.8,39.1,36.0,32.5,89.3,100.0,81.5,100.0,82.6,67.4,71.2,46.3,37.8,
12/12/2050,100.0,100.0,98.7,80.1,100.0,74.4,50.1,99.1,63.9,61.3,78.5,34.8,39.0,36.0,32.5,89.5,100.0,81.5,100.0,82.5,67.4,71.2,46.3,37.8,
12/13/2050,100.0,100.0,99.1,80.1,100.0,74.3,50.0,99.1,63.8,61.5,78.4,34.8,39.0,36.0,32.5,89.9,100.0,81.4,100.0,82.4,67.4,71.1,46.3,37.7,
12/14/2050,100.0,100.0,99.2,80.0,100.0,74.3,50.1,99.1,63.8,61.6,78.4,34.7,38.9,36.0,32.5,90.3,100.0,81.4,100.0,82.3,67.3,71.1,46.3,37.7,
12/15/2050,100.0,100.0,99.3,79.9,100.0,74.3,50.1,99.3,63.7,61.7,78.3,34.8,38.9,36.0,32.5,90.5,100.0,81.3,100.0,82.2,67.2,71.1,46.3,37.7,
12/16/2050,100.0,100.0,99.5,79.9,100.0,74.2,50.1,99.3,63.7,61.7,78.3,34.9,38.9,36.1,32.4,90.7,100.0,81.3,100.0,82.2,67.2,71.1,46.3,37.7,
12/17/2050,100.0,100.0,99.6,79.9,100.0,74.2,50.1,99.3,63.8,61.8,78.3,34.8,38.9,36.1,32.4,90.8,100.0,81.5,100.0,82.1,67.2,71.0,46.3,37.6,
12/18/2050,100.0,100.0,99.8,79.8,100.0,74.1,50.0,99.2,63.7,62.0,78.3,34.8,38.9,36.1,32.5,90.9,100.0,81.5,100.0,82.1,67.1,71.1,46.2,37.6,
12/19/2050,100.0,100.0,100.0,79.7,100.0,74.1,50.0,99.2,63.7,62.0,78.2,34.8,38.8,36.1,32.5,91.0,100.0,81.5,100.0,82.0,67.1,71.2,46.2,37.5,
12/20/2050,100.0,100.0,100.0,79.8,100.0,74.0,50.0,99.3,63.6,62.2,78.2,34.9,38.8,36.1,32.5,91.1,100.0,81.5,99.8,81.9,67.2,71.1,46.2,37.5,
12/21/2050,100.0,100.0,100.0,79.8,100.0,73.9,50.0,99.3,63.6,62.2,78.1,34.9,38.8,36.2,32.5,91.3,100.0,81.5,99.7,81.9,67.1,71.1,46.2,37.5,
12/22/2050,100.0,100.0,100.0,79.7,100.0,73.9,50.0,99.4,63.5,62.4,78.1,34.9,38.7,36.2,32.5,91.4,100.0,81.5,99.9,81.9,67.1,71.1,46.2,37.4,
12/23/2050,100.0,100.0,100.0,79.7,100.0,73.9,50.0,99.3,63.5,62.4,78.0,34.9,38.6,36.3,32.5,91.6,100.0,81.5,100.0,81.8,67.1,71.1,46.2,37.4,
12/24/2050,100.0,100.0,100.0,79.6,100.0,73.9,50.1,99.3,63.4,62.6,78.0,34.9,38.6,36.3,32.4,91.7,100.0,81.5,100.0,81.8,67.1,71.1,46.1,37.5,
12/25/2050,100.0,100.0,100.0,79.5,100.0,73.8,50.2,99.3,63.4,62.7,78.1,34.9,38.6,36.3,32.4,91.8,100.0,81.4,100.0,81.8,67.0,71.0,46.0,37.7,
12/26/2050,100.0,100.0,100.0,79.4,100.0,73.7,50.2,99.2,63.3,62.7,78.0,34.9,38.6,36.4,32.4,91.8,100.0,81.4,100.0,81.7,67.0,71.0,45.9,37.7,
12/27/2050,100.0,100.0,100.0,79.4,100.0,73.7,50.2,99.2,63.3,62.8,77.9,34.9,38.6,36.4,32.4,92.1,100.0,81.4,100.0,81.7,66.9,71.0,45.9,37.7,
12/28/2050,100.0,100.0,100.0,79.4,100.0,73.6,50.2,99.3,63.2,62.8,77.9,34.8,38.5,36.4,32.4,92.4,100.0,81.3,100.0,81.7,66.9,70.9,45.8,37.7,
12/29/2050,100.0,100.0,100.0,79.3,100.0,73.6,50.2,99.2,63.2,62.8,78.0,34.8,38.5,36.4,32.3,92.5,100.0,81.3,100.0,81.7,66.8,70.9,45.8,37.7,
12/30/2050,100.0,100.0,100.0,79.3,100.0,73.5,50.3,99.2,63.2,63.0,77.9,34.7,38.5,36.4,32.3,92.6,100.0,81.3,100.0,81.6,66.9,70.9,45.8,37.6,
12/31/2050,100.0,99.8,100.0,79.2,100.0,73.5,50.4,99.2,63.1,63.0,77.9,34.7,38.4,36.4,32.3,92.7,100.0,81.2,100.0,81.6,67.2,70.9,45.8,37.6,
