dw_date,2000,2001,2002,2003,2004,2005,2006,2007,2008,2009,2010,2011,2012,2013,2014,2015,2016,2017,2018,2019,2020,2021,2022,2023
01/01/2050,99.0,692.0,636.0,1000.0,111.0,1020.0,112.0,66.5,135.0,71.6,103.0,106.0,53.7,55.6,52.8,54.3,293.0,292.0,95.1,663.0,80.1,54.1,104.0,61.8
01/02/2050,99.0,683.0,637.0,1200.0,115.0,1020.0,112.0,66.4,140.0,71.6,103.0,106.0,53.7,55.5,52.9,51.9,292.0,292.0,95.1,672.0,80.1,54.1,105.0,61.5
01/03/2050,101.0,643.0,752.0,1300.0,116.0,1020.0,113.0,60.2,143.0,71.3,103.0,106.0,53.7,55.5,56.8,54.1,292.0,293.0,95.7,678.0,80.1,57.6,105.0,61.6
01/04/2050,102.0,588.0,833.0,1300.0,116.0,1020.0,114.0,78.1,144.0,71.3,103.0,106.0,53.7,54.9,58.3,56.6,292.0,294.0,90.1,672.0,80.3,68.7,105.0,61.5
01/05/2050,102.0,589.0,834.0,760.0,116.0,1020.0,115.0,88.4,145.0,71.7,103.0,103.0,53.7,54.2,58.4,58.4,293.0,302.0,85.7,668.0,80.3,75.7,105.0,61.3
01/06/2050,102.0,512.0,834.0,220.0,114.0,1020.0,112.0,83.9,145.0,71.8,103.0,103.0,53.8,111.0,58.4,58.3,295.0,303.0,85.7,667.0,80.5,75.9,105.0,61.6
01/07/2050,106.0,400.0,833.0,220.0,110.0,1020.0,112.0,82.3,166.0,75.3,102.0,105.0,53.8,61.4,58.5,58.3,317.0,303.0,85.7,665.0,81.1,71.2,105.0,61.4
01/08/2050,104.0,399.0,834.0,220.0,110.0,1020.0,111.0,82.3,184.0,77.8,102.0,109.0,54.0,64.4,58.5,58.3,362.0,300.0,85.6,667.0,81.7,63.1,105.0,61.6
01/09/2050,104.0,399.0,834.0,220.0,110.0,980.0,110.0,82.1,184.0,72.0,102.0,116.0,54.2,92.0,58.4,58.3,362.0,299.0,85.7,671.0,81.5,59.3,105.0,61.7
01/10/2050,101.0,407.0,834.0,209.0,110.0,668.0,107.0,73.7,183.0,77.0,102.0,119.0,51.6,95.2,58.4,54.7,362.0,298.0,85.7,673.0,72.7,58.5,105.0,61.6
01/11/2050,98.0,405.0,742.0,210.0,110.0,521.0,107.0,73.4,184.0,73.2,102.0,124.0,57.0,96.1,58.3,52.8,362.0,299.0,85.6,681.0,82.6,56.9,106.0,61.9
01/12/2050,99.0,405.0,639.0,218.0,109.0,526.0,109.0,69.9,184.0,72.7,102.0,116.0,53.5,98.3,54.8,52.4,362.0,287.0,85.7,692.0,82.6,57.5,107.0,61.9
01/13/2050,98.0,566.0,639.0,214.0,105.0,631.0,111.0,98.6,184.0,71.7,102.0,101.0,56.8,101.0,52.8,52.5,362.0,258.0,85.7,708.0,81.5,58.6,105.0,62.0
01/14/2050,98.0,777.0,639.0,213.0,105.0,190.0,125.0,100.0,195.0,71.7,103.0,100.0,56.9,98.8,52.8,52.7,355.0,251.0,85.7,704.0,81.5,58.6,106.0,62.2
01/15/2050,99.0,775.0,641.0,214.0,105.0,451.0,125.0,96.5,214.0,63.2,112.0,123.0,56.9,98.9,52.8,52.5,312.0,252.0,85.7,697.0,81.6,59.0,104.0,62.4
01/16/2050,100.0,783.0,618.0,214.0,117.0,524.0,125.0,102.0,213.0,62.0,113.0,146.0,56.7,98.8,52.8,55.5,311.0,251.0,85.8,693.0,81.7,58.6,104.0,62.3
01/17/2050,102.0,937.0,556.0,212.0,113.0,486.0,124.0,101.0,213.0,62.0,113.0,144.0,56.8,98.6,52.1,55.5,312.0,306.0,86.8,692.0,81.7,58.8,104.0,62.6
01/18/2050,102.0,1040.0,428.0,213.0,108.0,441.0,125.0,101.0,213.0,61.8,111.0,107.0,65.5,98.9,51.9,55.5,301.0,401.0,87.1,684.0,81.6,59.3,104.0,62.6
01/19/2050,102.0,926.0,407.0,214.0,107.0,441.0,125.0,104.0,213.0,61.6,110.0,181.0,53.3,92.8,51.9,55.5,290.0,499.0,87.1,315.0,82.0,58.4,104.0,59.9
01/20/2050,102.0,695.0,407.0,215.0,108.0,445.0,124.0,105.0,214.0,61.8,109.0,83.9,57.0,84.4,51.9,55.5,291.0,585.0,86.9,313.0,82.2,42.7,105.0,64.2
01/21/2050,102.0,601.0,408.0,215.0,187.0,447.0,123.0,105.0,210.0,61.2,108.0,116.0,57.2,80.8,51.9,56.0,291.0,586.0,86.6,313.0,85.9,56.7,106.0,58.3
01/22/2050,102.0,601.0,408.0,215.0,342.0,441.0,125.0,103.0,209.0,60.5,108.0,119.0,57.4,80.8,51.9,86.5,291.0,585.0,86.5,684.0,89.3,57.2,105.0,58.1
01/23/2050,102.0,601.0,410.0,214.0,336.0,441.0,124.0,103.0,206.0,58.7,108.0,119.0,57.4,80.7,52.0,94.3,291.0,589.0,86.4,1220.0,94.2,57.8,105.0,58.0
01/24/2050,98.0,623.0,410.0,214.0,339.0,441.0,124.0,106.0,206.0,58.6,107.0,119.0,57.9,78.2,51.9,94.3,291.0,591.0,86.8,1220.0,90.1,57.8,105.0,57.5
01/25/2050,102.0,730.0,410.0,215.0,338.0,447.0,124.0,106.0,206.0,58.6,107.0,119.0,91.1,75.9,51.2,94.7,265.0,588.0,86.9,1230.0,85.3,63.1,82.5,53.3
01/26/2050,103.0,787.0,409.0,215.0,337.0,421.0,124.0,105.0,206.0,58.6,107.0,119.0,89.1,74.7,51.1,95.7,259.0,577.0,86.9,1220.0,85.0,69.1,105.0,62.2
01/27/2050,104.0,794.0,410.0,215.0,325.0,469.0,125.0,105.0,204.0,58.8,107.0,119.0,91.5,74.9,51.1,95.1,262.0,571.0,87.1,1220.0,84.7,65.4,96.8,62.4
01/28/2050,103.0,841.0,479.0,215.0,290.0,598.0,126.0,105.0,207.0,58.6,108.0,119.0,90.8,75.0,51.1,94.6,246.0,580.0,86.9,1220.0,85.2,62.9,84.9,62.5
01/29/2050,103.0,957.0,588.0,215.0,312.0,704.0,125.0,104.0,210.0,58.6,110.0,119.0,91.2,75.0,51.3,98.2,221.0,581.0,86.8,1220.0,90.0,60.6,79.4,62.3
01/30/2050,103.0,1050.0,645.0,215.0,313.0,704.0,126.0,103.0,211.0,58.6,108.0,119.0,91.4,69.1,51.1,92.4,221.0,581.0,87.1,839.0,91.0,60.4,78.9,63.0
01/31/2050,96.0,1050.0,645.0,215.0,313.0,715.0,127.0,103.0,211.0,58.6,108.0,119.0,91.2,65.3,51.1,85.0,220.0,582.0,87.0,707.0,90.4,59.5,80.1,62.9
02/01/2050,106.0,1050.0,643.0,215.0,313.0,746.0,131.0,104.0,211.0,58.6,108.0,125.0,86.3,60.3,50.6,87.4,202.0,480.0,86.9,708.0,93.0,57.1,83.3,64.3
02/02/2050,106.0,1050.0,643.0,215.0,276.0,940.0,134.0,103.0,211.0,58.6,108.0,128.0,73.4,58.4,50.3,88.8,191.0,320.0,87.0,709.0,92.7,54.5,90.7,63.0
02/03/2050,105.0,1050.0,642.0,216.0,246.0,1060.0,134.0,103.0,210.0,55.6,114.0,128.0,73.4,57.0,50.2,89.7,197.0,320.0,87.1,706.0,92.8,52.5,107.0,62.5
02/04/2050,104.0,1050.0,562.0,218.0,247.0,1050.0,134.0,103.0,208.0,51.9,118.0,129.0,73.4,55.3,50.5,89.7,187.0,320.0,87.0,675.0,92.8,51.1,97.7,62.7
02/05/2050,102.0,1050.0,462.0,218.0,245.0,1050.0,134.0,102.0,204.0,52.3,119.0,128.0,73.5,54.6,50.2,88.8,175.0,320.0,87.1,529.0,93.0,53.4,92.3,62.8
02/06/2050,102.0,999.0,456.0,215.0,236.0,1050.0,136.0,98.9,201.0,56.7,118.0,128.0,73.4,58.0,50.2,89.0,175.0,320.0,87.1,529.0,93.1,52.5,88.9,62.8
02/07/2050,102.0,927.0,456.0,215.0,231.0,1060.0,139.0,101.0,201.0,53.9,117.0,128.0,73.5,56.5,50.3,89.1,175.0,320.0,87.1,533.0,93.1,53.8,91.5,63.1
02/08/2050,103.0,877.0,442.0,215.0,231.0,1050.0,137.0,101.0,201.0,49.5,117.0,129.0,68.6,55.2,50.0,82.8,175.0,226.0,87.1,532.0,93.0,53.6,89.6,63.5
02/09/2050,103.0,830.0,404.0,215.0,232.0,1040.0,137.0,101.0,201.0,42.3,115.0,129.0,60.8,55.5,49.4,80.4,175.0,321.0,87.1,535.0,92.9,53.2,88.3,63.3
02/10/2050,103.0,828.0,403.0,215.0,238.0,814.0,138.0,101.0,200.0,41.0,115.0,129.0,58.5,55.2,49.4,80.3,128.0,319.0,86.8,535.0,93.0,53.8,88.1,62.8
02/11/2050,106.0,828.0,386.0,217.0,241.0,598.0,137.0,101.0,203.0,40.6,116.0,129.0,58.3,54.7,49.4,64.3,159.0,319.0,86.5,530.0,92.9,54.9,85.3,63.1
02/12/2050,106.0,832.0,357.0,219.0,282.0,563.0,136.0,100.0,203.0,40.6,115.0,129.0,58.4,54.4,49.3,62.5,158.0,320.0,86.6,530.0,94.4,53.3,82.8,63.1
02/13/2050,106.0,837.0,357.0,218.0,327.0,557.0,132.0,99.6,203.0,42.7,118.0,129.0,58.8,54.4,49.7,66.2,159.0,320.0,87.6,530.0,92.4,52.6,80.2,63.0
02/14/2050,105.0,837.0,357.0,2210.0,328.0,625.0,130.0,99.0,203.0,50.0,117.0,129.0,58.4,54.5,50.2,67.7,159.0,323.0,85.9,503.0,93.0,53.5,80.4,63.2
02/15/2050,106.0,837.0,348.0,5280.0,327.0,704.0,131.0,99.3,177.0,48.3,117.0,129.0,58.4,54.3,50.3,67.7,158.0,319.0,84.0,426.0,92.9,54.8,78.4,63.2
02/16/2050,106.0,963.0,330.0,5250.0,327.0,697.0,133.0,99.1,156.0,40.3,117.0,129.0,58.4,54.4,50.2,68.0,158.0,320.0,83.8,424.0,93.0,54.5,78.1,63.2
02/17/2050,106.0,907.0,326.0,5230.0,221.0,694.0,134.0,98.8,155.0,43.4,116.0,129.0,59.0,54.4,50.2,67.7,159.0,362.0,84.1,423.0,92.6,67.6,76.8,63.1
02/18/2050,106.0,547.0,327.0,3390.0,237.0,694.0,136.0,100.0,152.0,46.2,148.0,129.0,71.6,54.2,50.2,67.8,159.0,434.0,84.2,424.0,92.6,72.5,76.4,63.2
02/19/2050,105.0,781.0,327.0,690.0,237.0,688.0,136.0,99.4,148.0,46.6,358.0,129.0,97.7,54.5,50.3,67.6,132.0,576.0,84.2,426.0,92.7,72.0,76.4,62.8
02/20/2050,105.0,1070.0,326.0,216.0,237.0,685.0,137.0,99.7,148.0,42.6,373.0,129.0,97.3,54.6,50.3,67.8,129.0,617.0,84.4,426.0,91.8,75.5,75.1,63.1
02/21/2050,103.0,1080.0,326.0,203.0,237.0,687.0,136.0,100.0,148.0,43.8,406.0,129.0,96.6,55.0,50.4,67.7,129.0,570.0,84.3,427.0,91.4,77.2,68.3,63.1
02/22/2050,97.0,1080.0,325.0,196.0,237.0,683.0,137.0,99.5,147.0,50.8,467.0,131.0,96.2,55.5,50.5,67.7,128.0,767.0,84.3,427.0,91.4,80.2,68.3,63.4
02/23/2050,98.0,1080.0,325.0,192.0,240.0,680.0,137.0,100.0,149.0,51.3,674.0,131.0,96.3,55.5,50.2,56.4,131.0,1070.0,85.2,410.0,91.2,80.6,68.5,63.3
02/24/2050,97.0,1080.0,326.0,189.0,246.0,680.0,137.0,99.9,149.0,50.0,799.0,131.0,95.8,55.6,50.2,55.5,128.0,900.0,84.3,324.0,91.2,80.4,68.2,63.7
02/25/2050,97.0,1080.0,329.0,189.0,268.0,672.0,129.0,99.9,149.0,52.0,802.0,131.0,95.9,55.6,50.3,55.2,128.0,374.0,84.2,325.0,98.3,80.6,68.2,63.6
02/26/2050,97.0,1070.0,328.0,188.0,322.0,672.0,129.0,98.7,148.0,51.9,802.0,131.0,95.9,55.6,50.8,59.4,128.0,262.0,84.2,324.0,104.0,75.1,68.1,63.6
02/27/2050,96.0,1080.0,327.0,187.0,322.0,669.0,132.0,99.2,138.0,56.4,802.0,131.0,95.9,55.7,50.4,61.4,128.0,809.0,84.2,323.0,101.0,72.8,67.8,63.2
02/28/2050,97.0,1080.0,327.0,187.0,323.0,816.0,133.0,98.9,115.0,57.0,805.0,131.0,95.9,55.6,50.4,61.5,128.0,1050.0,84.2,325.0,95.5,77.4,67.8,63.4
03/01/2050,98.0,893.0,327.0,186.0,282.0,951.0,133.0,99.3,138.0,56.3,804.0,131.0,81.6,54.0,50.6,61.7,153.0,1050.0,84.2,325.0,95.6,77.6,67.7,63.3
03/02/2050,100.0,629.0,327.0,185.0,262.0,951.0,132.0,92.3,143.0,56.3,805.0,137.0,81.3,54.1,50.9,61.3,161.0,1060.0,84.2,326.0,95.7,77.9,67.9,64.3
03/03/2050,100.0,925.0,325.0,2020.0,267.0,948.0,134.0,84.8,143.0,56.3,677.0,139.0,81.1,56.3,50.6,61.4,161.0,1060.0,84.4,326.0,95.8,78.2,67.3,63.2
03/04/2050,100.0,1090.0,296.0,5370.0,301.0,1150.0,139.0,84.9,140.0,56.3,578.0,129.0,81.3,56.2,51.0,61.4,161.0,1060.0,84.3,325.0,95.5,78.0,67.5,63.3
03/05/2050,100.0,1090.0,250.0,5360.0,326.0,1590.0,140.0,83.2,139.0,56.4,440.0,127.0,79.4,56.0,50.8,53.1,161.0,1060.0,84.2,325.0,95.1,77.1,67.8,62.9
03/06/2050,100.0,1090.0,252.0,5330.0,325.0,1590.0,139.0,84.0,138.0,56.4,241.0,128.0,74.2,56.4,50.5,62.4,161.0,1050.0,84.2,345.0,95.7,75.2,70.3,63.0
03/07/2050,98.0,1090.0,254.0,5310.0,324.0,1560.0,137.0,84.3,143.0,56.5,307.0,127.0,74.4,56.4,50.6,66.0,161.0,1060.0,84.3,469.0,96.0,69.7,72.3,63.2
03/08/2050,98.0,1090.0,254.0,5290.0,328.0,1580.0,106.0,84.8,143.0,57.2,467.0,128.0,74.4,56.4,50.7,68.9,161.0,1060.0,84.4,455.0,96.1,65.3,72.7,63.1
03/09/2050,97.0,1090.0,253.0,5280.0,331.0,1600.0,136.0,88.7,150.0,57.5,579.0,129.0,75.3,56.4,50.7,78.9,163.0,696.0,84.3,375.0,96.2,65.7,73.2,63.2
03/10/2050,98.0,1090.0,252.0,2990.0,332.0,1600.0,162.0,90.8,150.0,53.0,580.0,129.0,83.6,58.6,50.7,85.0,162.0,404.0,84.3,375.0,95.9,65.2,72.9,63.4
03/11/2050,98.0,582.0,255.0,193.0,331.0,1610.0,162.0,83.2,136.0,52.4,581.0,129.0,95.0,56.3,50.5,74.2,161.0,404.0,84.2,374.0,96.0,63.8,72.7,63.5
03/12/2050,97.0,1090.0,257.0,188.0,334.0,1620.0,163.0,113.0,173.0,84.4,579.0,130.0,94.5,56.3,50.3,73.4,161.0,404.0,84.4,375.0,96.2,63.9,72.9,63.9
03/13/2050,98.0,1090.0,259.0,186.0,337.0,1630.0,162.0,110.0,173.0,94.8,580.0,129.0,94.5,56.3,50.4,73.4,161.0,375.0,84.4,375.0,96.1,64.1,73.0,64.8
03/14/2050,100.0,1090.0,254.0,186.0,336.0,1900.0,146.0,111.0,172.0,94.8,581.0,130.0,94.4,56.1,50.5,73.3,161.0,412.0,84.4,375.0,96.1,63.9,68.2,65.0
03/15/2050,99.0,1090.0,247.0,185.0,337.0,2110.0,127.0,109.0,172.0,96.6,580.0,131.0,94.3,55.7,50.1,73.3,161.0,412.0,78.0,377.0,95.8,63.9,65.7,65.4
03/16/2050,100.0,1080.0,245.0,183.0,325.0,2120.0,126.0,108.0,172.0,96.9,582.0,132.0,94.3,55.6,50.1,73.5,161.0,412.0,74.3,378.0,95.9,64.0,68.7,55.9
03/17/2050,101.0,1080.0,245.0,183.0,474.0,2130.0,128.0,107.0,173.0,99.4,580.0,131.0,94.1,55.6,50.1,73.8,200.0,410.0,74.3,378.0,97.1,63.7,70.7,58.8
03/18/2050,100.0,1080.0,244.0,182.0,560.0,2140.0,128.0,107.0,172.0,101.0,581.0,131.0,94.1,55.5,50.1,76.2,247.0,411.0,74.1,378.0,97.3,63.6,70.5,52.2
03/19/2050,100.0,1080.0,243.0,182.0,652.0,2140.0,129.0,106.0,158.0,100.0,484.0,131.0,94.1,55.5,50.1,73.8,240.0,411.0,74.0,378.0,98.7,63.8,70.6,51.9
03/20/2050,100.0,1080.0,241.0,181.0,657.0,2150.0,127.0,106.0,159.0,99.3,412.0,131.0,111.0,55.5,50.1,71.7,231.0,410.0,74.1,378.0,100.0,63.9,68.4,52.3
03/21/2050,99.0,1080.0,240.0,181.0,564.0,2160.0,122.0,101.0,159.0,99.5,410.0,130.0,105.0,55.2,50.1,77.5,152.0,412.0,74.1,378.0,100.0,63.9,67.6,52.5
03/22/2050,99.0,1090.0,240.0,181.0,452.0,2170.0,121.0,101.0,159.0,98.7,410.0,129.0,104.0,54.6,50.1,84.1,175.0,412.0,74.1,378.0,97.6,64.0,67.0,51.2
03/23/2050,99.0,1090.0,240.0,179.0,327.0,2180.0,120.0,101.0,159.0,91.2,411.0,129.0,103.0,54.6,50.1,87.4,279.0,412.0,74.1,378.0,95.1,65.7,62.1,51.2
03/24/2050,99.0,1090.0,240.0,179.0,146.0,2190.0,119.0,100.0,158.0,85.2,410.0,129.0,103.0,54.6,50.1,89.0,282.0,411.0,74.0,378.0,94.7,61.8,59.7,51.9
03/25/2050,99.0,1090.0,241.0,180.0,143.0,1600.0,119.0,101.0,159.0,85.2,411.0,129.0,103.0,54.6,50.1,94.3,281.0,409.0,74.0,378.0,94.6,60.5,60.1,52.8
03/26/2050,100.0,1090.0,243.0,179.0,261.0,1200.0,119.0,113.0,159.0,85.9,410.0,129.0,103.0,54.7,50.2,94.2,282.0,414.0,69.1,378.0,94.9,60.5,60.0,53.4
03/27/2050,99.0,1090.0,242.0,179.0,509.0,1210.0,121.0,134.0,157.0,83.2,410.0,128.0,102.0,54.6,44.2,94.4,281.0,387.0,65.9,378.0,94.7,73.9,59.9,53.5
03/28/2050,99.0,991.0,242.0,179.0,417.0,814.0,124.0,127.0,150.0,82.8,410.0,130.0,103.0,54.6,51.4,94.6,281.0,370.0,80.3,362.0,95.0,82.7,60.1,54.1
03/29/2050,98.0,580.0,242.0,178.0,139.0,549.0,122.0,218.0,150.0,83.3,410.0,131.0,98.8,54.6,51.5,95.2,281.0,410.0,68.4,261.0,94.8,82.9,60.3,55.1
03/30/2050,98.0,1090.0,242.0,176.0,134.0,556.0,123.0,292.0,151.0,87.6,409.0,131.0,93.0,54.6,51.6,94.5,281.0,409.0,79.2,221.0,95.0,86.4,60.1,55.6
03/31/2050,99.0,820.0,241.0,175.0,127.0,559.0,121.0,652.0,151.0,82.7,410.0,133.0,93.0,54.6,51.6,94.5,281.0,407.0,90.4,221.0,94.9,77.0,59.9,55.2
04/01/2050,102.0,625.0,242.0,975.0,186.0,563.0,120.0,1170.0,155.0,74.9,411.0,131.0,93.1,54.6,51.8,94.5,279.0,407.0,90.4,219.0,95.2,71.0,56.0,55.6
04/02/2050,103.0,620.0,237.0,1890.0,251.0,568.0,120.0,1150.0,155.0,68.8,410.0,130.0,92.7,55.1,51.8,82.7,276.0,408.0,90.3,211.0,96.0,67.1,51.5,56.3
04/03/2050,101.0,627.0,236.0,1450.0,335.0,572.0,119.0,1160.0,162.0,69.0,408.0,130.0,82.0,63.1,51.8,75.8,264.0,402.0,90.0,211.0,99.4,64.7,51.8,56.0
04/04/2050,97.0,628.0,235.0,406.0,312.0,576.0,117.0,1120.0,156.0,64.9,405.0,130.0,92.9,93.7,51.5,75.8,283.0,401.0,83.2,211.0,98.3,61.5,51.8,54.2
04/05/2050,97.0,780.0,234.0,1860.0,201.0,448.0,118.0,1120.0,149.0,64.1,404.0,67.6,92.8,95.9,51.9,75.8,281.0,400.0,80.1,211.0,96.3,58.6,51.5,51.6
04/06/2050,97.0,884.0,236.0,1850.0,194.0,385.0,118.0,1090.0,148.0,64.6,394.0,57.9,92.8,95.9,51.8,75.8,281.0,399.0,75.5,211.0,95.8,56.8,51.6,54.4
04/07/2050,97.0,863.0,238.0,969.0,193.0,383.0,118.0,1060.0,149.0,59.2,397.0,63.0,93.0,95.9,51.9,75.9,281.0,430.0,73.7,212.0,95.8,52.9,51.8,54.0
04/08/2050,97.0,862.0,239.0,65.7,676.0,362.0,117.0,1070.0,149.0,53.9,396.0,57.8,92.9,96.0,51.7,71.3,282.0,438.0,73.7,211.0,95.7,53.4,52.0,50.8
04/09/2050,97.0,861.0,237.0,213.0,4970.0,295.0,115.0,1050.0,139.0,56.1,396.0,57.5,92.7,85.5,51.8,69.5,264.0,440.0,68.5,211.0,95.8,53.4,52.1,51.6
04/10/2050,98.0,735.0,237.0,213.0,9100.0,293.0,115.0,1050.0,138.0,57.4,396.0,54.1,92.7,75.8,51.7,68.1,251.0,440.0,65.8,210.0,95.8,53.1,52.3,50.4
04/11/2050,100.0,619.0,228.0,213.0,9200.0,292.0,116.0,1050.0,145.0,52.5,396.0,53.5,92.2,67.7,51.7,72.2,251.0,446.0,65.8,210.0,95.9,53.4,52.4,54.2
04/12/2050,100.0,628.0,221.0,213.0,9210.0,292.0,116.0,1050.0,140.0,52.6,396.0,53.6,92.2,71.5,51.7,66.0,254.0,443.0,62.3,211.0,95.9,53.4,52.1,61.2
04/13/2050,99.0,628.0,221.0,212.0,9120.0,292.0,117.0,1060.0,132.0,47.6,351.0,53.8,92.1,64.1,51.6,65.0,258.0,444.0,58.4,212.0,95.8,53.2,52.1,61.0
04/14/2050,99.0,628.0,220.0,211.0,9080.0,292.0,118.0,1050.0,131.0,56.8,303.0,52.6,92.1,63.4,51.4,70.5,252.0,443.0,58.1,210.0,95.8,53.2,52.1,60.3
04/15/2050,100.0,628.0,216.0,212.0,8980.0,350.0,119.0,1060.0,132.0,56.3,305.0,52.2,92.3,63.4,51.6,68.1,252.0,442.0,58.3,210.0,95.9,53.5,52.3,56.9
04/16/2050,99.0,626.0,210.0,211.0,4980.0,378.0,117.0,1060.0,132.0,59.4,632.0,53.4,91.6,59.0,51.8,78.0,252.0,444.0,58.3,210.0,95.9,53.5,52.1,57.8
04/17/2050,99.0,623.0,208.0,212.0,1680.0,378.0,115.0,1050.0,132.0,63.5,1380.0,53.5,91.5,56.1,51.8,72.8,253.0,448.0,58.4,211.0,95.8,53.4,51.9,58.6
04/18/2050,97.0,619.0,200.0,212.0,1940.0,447.0,114.0,1060.0,128.0,62.4,1120.0,53.5,91.5,56.3,51.3,82.4,269.0,445.0,58.1,210.0,95.9,53.4,51.8,58.9
04/19/2050,97.0,493.0,200.0,213.0,1150.0,486.0,115.0,1050.0,126.0,69.1,737.0,55.4,91.3,56.0,51.9,91.1,332.0,441.0,58.3,210.0,95.8,53.4,52.6,58.9
04/20/2050,97.0,375.0,200.0,210.0,172.0,489.0,114.0,1060.0,126.0,81.6,943.0,53.7,91.3,56.4,51.9,91.5,583.0,441.0,58.3,209.0,95.8,53.4,52.2,74.8
04/21/2050,96.0,375.0,200.0,209.0,171.0,490.0,115.0,320.0,138.0,96.7,2530.0,48.5,91.2,56.3,51.8,91.3,700.0,442.0,58.4,208.0,95.8,53.5,52.1,66.5
04/22/2050,96.0,375.0,200.0,210.0,172.0,488.0,111.0,1060.0,146.0,98.4,3800.0,48.5,91.3,56.3,51.7,92.2,1090.0,451.0,58.1,198.0,95.8,53.6,52.0,56.4
04/23/2050,96.0,383.0,200.0,210.0,226.0,486.0,110.0,1050.0,142.0,95.5,2150.0,48.4,86.4,50.4,51.8,93.9,1090.0,456.0,58.0,224.0,95.8,54.1,52.3,55.7
04/24/2050,98.0,756.0,200.0,209.0,332.0,486.0,112.0,1060.0,131.0,88.5,578.0,48.2,80.0,62.8,51.8,98.1,1080.0,450.0,59.8,226.0,96.0,53.3,52.2,55.7
04/25/2050,99.0,1050.0,200.0,208.0,281.0,547.0,113.0,961.0,130.0,78.3,578.0,47.0,73.5,52.8,51.7,95.1,1080.0,332.0,61.6,223.0,95.8,53.5,54.4,55.7
04/26/2050,99.0,1050.0,198.0,208.0,157.0,685.0,112.0,3060.0,130.0,74.6,1010.0,47.0,72.4,57.7,51.8,94.5,1080.0,288.0,62.1,223.0,95.7,53.5,52.7,55.9
04/27/2050,98.0,715.0,197.0,206.0,149.0,627.0,114.0,5030.0,131.0,82.1,921.0,46.9,72.5,56.2,51.7,96.3,1060.0,285.0,60.8,223.0,95.7,53.4,52.6,56.5
04/28/2050,97.0,470.0,197.0,206.0,142.0,513.0,123.0,4950.0,132.0,75.3,577.0,47.1,70.2,56.1,51.6,94.6,1070.0,277.0,60.8,223.0,95.8,53.9,52.2,57.2
04/29/2050,97.0,555.0,196.0,206.0,137.0,461.0,128.0,2810.0,145.0,79.8,577.0,45.6,64.4,56.0,51.5,94.8,1070.0,227.0,60.9,333.0,98.5,55.4,52.2,56.0
04/30/2050,87.0,982.0,184.0,206.0,1080.0,423.0,126.0,729.0,147.0,102.0,578.0,45.5,64.2,55.9,51.4,94.7,1070.0,199.0,60.9,409.0,97.4,61.7,52.2,56.2
05/01/2050,62.0,748.0,172.0,206.0,3090.0,423.0,126.0,760.0,147.0,105.0,579.0,46.6,64.1,55.9,51.6,94.4,1080.0,200.0,61.2,386.0,79.7,65.9,52.4,56.1
05/02/2050,79.0,449.0,169.0,439.0,3440.0,423.0,131.0,776.0,146.0,105.0,587.0,45.6,61.5,57.4,51.2,94.4,1080.0,200.0,61.1,364.0,78.5,82.7,52.4,60.1
05/03/2050,87.0,462.0,169.0,639.0,3390.0,423.0,133.0,526.0,146.0,105.0,507.0,43.7,57.0,59.6,51.2,94.2,1080.0,198.0,60.8,358.0,78.3,108.0,52.3,67.0
05/04/2050,94.0,461.0,169.0,640.0,3310.0,386.0,131.0,1060.0,145.0,105.0,448.0,45.0,56.8,80.0,53.4,94.0,768.0,197.0,64.9,377.0,78.4,99.5,52.6,69.3
05/05/2050,96.0,467.0,167.0,639.0,3270.0,333.0,128.0,2240.0,148.0,104.0,449.0,44.4,56.8,60.8,54.5,94.0,565.0,199.0,61.5,376.0,79.6,99.1,52.8,69.4
05/06/2050,97.0,464.0,156.0,640.0,2520.0,333.0,133.0,2250.0,148.0,104.0,440.0,44.7,58.5,57.9,54.6,94.0,564.0,208.0,61.1,496.0,84.7,97.2,52.3,69.7
05/07/2050,97.0,660.0,149.0,647.0,844.0,330.0,133.0,2310.0,148.0,95.2,408.0,45.0,68.4,54.9,54.6,93.6,565.0,208.0,97.9,796.0,84.1,97.3,52.2,69.5
05/08/2050,98.0,972.0,152.0,647.0,360.0,328.0,132.0,1500.0,148.0,73.3,406.0,45.8,65.7,53.9,54.8,93.4,565.0,207.0,103.0,772.0,81.8,96.8,52.2,69.1
05/09/2050,98.0,966.0,148.0,559.0,344.0,404.0,132.0,996.0,148.0,64.2,405.0,47.5,57.3,54.3,55.0,93.2,558.0,207.0,103.0,774.0,74.6,96.9,52.6,69.5
05/10/2050,98.0,508.0,145.0,484.0,199.0,552.0,132.0,715.0,148.0,60.0,406.0,48.3,97.6,58.2,54.6,93.1,467.0,195.0,102.0,759.0,75.8,96.9,53.0,70.5
05/11/2050,92.0,468.0,157.0,488.0,222.0,667.0,132.0,714.0,147.0,55.3,405.0,48.3,96.4,55.3,54.5,93.7,427.0,194.0,94.5,781.0,69.7,97.2,53.1,70.6
05/12/2050,77.0,467.0,158.0,489.0,254.0,695.0,132.0,705.0,151.0,52.0,405.0,49.4,94.1,80.6,55.7,93.1,425.0,198.0,90.2,778.0,252.0,96.9,53.2,71.1
05/13/2050,85.0,472.0,156.0,441.0,254.0,700.0,132.0,708.0,151.0,51.8,396.0,48.5,93.7,94.5,67.8,103.0,426.0,199.0,90.2,1050.0,81.4,96.9,53.1,78.3
05/14/2050,77.0,472.0,160.0,321.0,287.0,674.0,132.0,616.0,152.0,52.8,389.0,48.4,94.1,94.7,80.8,100.0,426.0,199.0,79.9,1630.0,80.8,96.8,52.7,70.8
05/15/2050,71.0,550.0,156.0,322.0,415.0,674.0,130.0,515.0,151.0,52.8,435.0,48.4,106.0,81.2,106.0,102.0,426.0,199.0,75.5,1630.0,78.7,97.0,52.9,72.9
05/16/2050,60.0,603.0,150.0,323.0,384.0,677.0,129.0,433.0,158.0,53.6,969.0,48.2,106.0,84.5,107.0,101.0,427.0,191.0,70.0,1660.0,82.2,97.4,52.5,76.6
05/17/2050,61.0,604.0,147.0,322.0,252.0,684.0,129.0,431.0,176.0,52.8,1110.0,48.4,107.0,96.2,103.0,141.0,426.0,172.0,60.8,1740.0,82.4,98.6,52.4,74.1
05/18/2050,60.0,584.0,143.0,322.0,251.0,615.0,129.0,517.0,196.0,52.8,2550.0,47.6,106.0,97.5,103.0,114.0,576.0,165.0,57.2,1750.0,91.7,117.0,52.8,72.6
05/19/2050,63.0,480.0,141.0,324.0,246.0,515.0,129.0,519.0,197.0,66.4,2580.0,53.4,105.0,76.8,101.0,97.6,1110.0,174.0,55.0,1730.0,93.1,105.0,52.8,72.2
05/20/2050,96.0,469.0,141.0,328.0,249.0,498.0,129.0,519.0,196.0,61.7,840.0,67.3,104.0,65.4,57.4,107.0,1330.0,168.0,55.0,1650.0,95.1,102.0,53.3,71.7
05/21/2050,97.0,642.0,192.0,328.0,270.0,471.0,129.0,518.0,177.0,54.7,396.0,67.1,104.0,57.7,58.4,101.0,4040.0,168.0,55.0,1630.0,96.1,101.0,53.6,70.9
05/22/2050,108.0,1030.0,209.0,304.0,407.0,462.0,131.0,396.0,176.0,53.3,397.0,66.3,104.0,54.4,56.9,99.4,4720.0,168.0,55.0,1670.0,91.8,102.0,53.6,70.9
05/23/2050,110.0,799.0,187.0,276.0,496.0,384.0,132.0,422.0,175.0,56.3,398.0,65.7,98.1,54.3,56.4,105.0,4720.0,168.0,55.0,1080.0,89.4,101.0,53.0,71.0
05/24/2050,102.0,500.0,186.0,279.0,994.0,310.0,132.0,431.0,175.0,51.8,343.0,64.4,102.0,58.4,56.8,125.0,4700.0,176.0,54.9,354.0,92.8,102.0,53.0,72.3
05/25/2050,104.0,380.0,184.0,279.0,1030.0,310.0,132.0,434.0,175.0,52.9,305.0,64.4,102.0,87.9,56.4,124.0,4710.0,182.0,59.8,352.0,96.9,102.0,53.8,71.1
05/26/2050,103.0,370.0,184.0,279.0,1030.0,310.0,132.0,435.0,174.0,50.8,356.0,64.4,102.0,101.0,80.9,171.0,3470.0,179.0,64.9,352.0,94.5,101.0,52.7,71.2
05/27/2050,100.0,371.0,173.0,244.0,947.0,307.0,130.0,455.0,172.0,50.8,404.0,64.5,102.0,99.8,127.0,220.0,542.0,177.0,64.6,351.0,92.4,102.0,52.8,71.1
05/28/2050,99.0,372.0,153.0,197.0,398.0,301.0,131.0,273.0,172.0,50.7,404.0,63.8,102.0,99.0,104.0,202.0,417.0,167.0,64.6,638.0,93.7,103.0,52.5,70.8
05/29/2050,99.0,354.0,190.0,196.0,398.0,302.0,130.0,773.0,173.0,50.8,403.0,63.8,102.0,99.2,101.0,1200.0,418.0,163.0,58.1,881.0,94.9,102.0,52.5,70.7
05/30/2050,98.0,269.0,189.0,194.0,398.0,295.0,131.0,3380.0,173.0,52.6,400.0,63.6,102.0,98.9,100.0,2210.0,564.0,169.0,58.5,894.0,94.3,103.0,52.3,70.6
05/31/2050,98.0,267.0,189.0,192.0,394.0,335.0,132.0,5330.0,213.0,51.0,400.0,62.3,102.0,98.9,100.0,2250.0,3830.0,173.0,57.1,564.0,94.4,103.0,52.2,70.6
06/01/2050,98.0,251.0,166.0,194.0,1280.0,588.0,128.0,5250.0,213.0,65.0,401.0,63.5,101.0,101.0,99.4,2690.0,4430.0,168.0,51.6,338.0,93.5,103.0,57.0,70.7
06/02/2050,98.0,242.0,159.0,194.0,2750.0,1160.0,130.0,5150.0,210.0,76.3,400.0,63.4,101.0,103.0,99.4,3530.0,2190.0,164.0,51.6,330.0,93.4,102.0,64.6,70.6
06/03/2050,99.0,243.0,152.0,194.0,1680.0,1130.0,130.0,5090.0,213.0,78.7,405.0,64.0,101.0,103.0,99.1,3860.0,3090.0,165.0,53.1,331.0,93.0,107.0,64.6,72.3
06/04/2050,102.0,233.0,146.0,197.0,946.0,689.0,130.0,5110.0,219.0,72.3,405.0,63.5,101.0,103.0,86.2,4780.0,3100.0,165.0,52.0,331.0,92.6,107.0,64.0,73.6
06/05/2050,102.0,215.0,142.0,202.0,439.0,653.0,131.0,5040.0,217.0,75.9,405.0,62.8,91.7,103.0,75.2,5450.0,3990.0,164.0,51.9,330.0,92.9,106.0,63.3,73.4
06/06/2050,101.0,215.0,142.0,199.0,427.0,394.0,130.0,5010.0,214.0,84.3,405.0,62.3,90.3,95.9,68.8,5510.0,4810.0,160.0,51.7,254.0,92.9,104.0,65.9,73.3
06/07/2050,101.0,216.0,140.0,196.0,459.0,361.0,125.0,5050.0,217.0,71.4,406.0,62.2,90.3,83.6,61.6,5580.0,4800.0,161.0,47.6,326.0,93.0,104.0,67.5,73.2
06/08/2050,100.0,216.0,141.0,195.0,521.0,357.0,121.0,3440.0,218.0,62.0,409.0,57.0,90.2,75.8,59.4,5540.0,4800.0,161.0,46.7,347.0,93.8,104.0,67.4,73.3
06/09/2050,110.0,215.0,141.0,195.0,554.0,331.0,120.0,2210.0,217.0,59.4,247.0,55.2,90.3,74.5,59.2,5430.0,4790.0,161.0,52.0,331.0,93.6,104.0,67.4,73.2
06/10/2050,118.0,214.0,139.0,199.0,427.0,306.0,121.0,2280.0,215.0,60.4,124.0,55.0,90.4,90.1,58.8,5460.0,4760.0,161.0,51.9,520.0,93.3,103.0,67.4,73.4
06/11/2050,109.0,201.0,139.0,199.0,329.0,307.0,122.0,2970.0,215.0,60.5,168.0,55.0,90.3,83.7,58.5,5400.0,3590.0,161.0,51.9,864.0,93.4,103.0,67.4,73.4
06/12/2050,104.0,192.0,140.0,197.0,323.0,307.0,117.0,1930.0,215.0,60.7,404.0,54.7,90.4,73.8,58.7,5350.0,877.0,144.0,52.1,862.0,93.4,103.0,67.2,73.3
06/13/2050,101.0,192.0,140.0,232.0,363.0,305.0,108.0,533.0,215.0,60.9,404.0,54.7,89.4,83.1,59.8,5120.0,3800.0,135.0,45.8,632.0,93.4,102.0,67.2,73.2
06/14/2050,100.0,193.0,140.0,295.0,1600.0,304.0,109.0,555.0,214.0,61.2,404.0,54.7,86.8,86.0,58.4,3880.0,4730.0,150.0,49.8,357.0,93.3,102.0,67.5,73.2
06/15/2050,100.0,193.0,143.0,297.0,3310.0,297.0,109.0,552.0,239.0,61.2,546.0,54.8,78.8,77.9,58.6,2370.0,4730.0,156.0,54.5,355.0,93.3,102.0,67.7,73.2
06/16/2050,100.0,191.0,142.0,387.0,4540.0,257.0,109.0,549.0,245.0,61.4,801.0,55.1,78.4,65.1,58.4,2370.0,4690.0,153.0,54.8,355.0,91.3,102.0,67.5,73.1
06/17/2050,100.0,192.0,138.0,622.0,5360.0,257.0,123.0,550.0,248.0,61.4,719.0,54.9,78.3,64.6,58.2,2370.0,4660.0,155.0,54.4,410.0,86.8,102.0,67.4,73.1
06/18/2050,101.0,192.0,135.0,623.0,5340.0,256.0,117.0,1220.0,243.0,61.4,353.0,54.9,78.3,72.8,58.2,3620.0,4670.0,155.0,54.8,442.0,82.5,102.0,67.4,72.7
06/19/2050,104.0,190.0,135.0,625.0,5320.0,257.0,115.0,2810.0,246.0,61.5,176.0,54.7,88.8,76.9,57.9,5140.0,4640.0,154.0,55.4,318.0,81.3,102.0,67.5,72.8
06/20/2050,105.0,190.0,135.0,625.0,5300.0,257.0,115.0,2120.0,247.0,60.5,166.0,54.7,98.0,66.0,58.1,5120.0,4640.0,147.0,55.0,383.0,80.4,102.0,67.7,72.6
06/21/2050,104.0,189.0,133.0,619.0,3950.0,261.0,115.0,1100.0,248.0,60.0,185.0,54.6,97.3,60.1,57.9,5090.0,3130.0,111.0,55.0,337.0,80.2,102.0,67.9,72.5
06/22/2050,104.0,189.0,133.0,614.0,2740.0,261.0,115.0,547.0,248.0,59.9,256.0,57.9,81.1,62.5,57.9,5020.0,1170.0,110.0,54.9,338.0,76.0,102.0,68.2,72.3
06/23/2050,102.0,189.0,133.0,614.0,2730.0,261.0,88.2,536.0,247.0,59.9,253.0,55.1,67.5,62.3,57.8,4970.0,1080.0,110.0,55.0,337.0,70.9,102.0,68.3,72.2
06/24/2050,96.0,220.0,133.0,492.0,2720.0,260.0,70.1,535.0,241.0,60.1,249.0,54.8,67.6,59.3,57.8,4990.0,564.0,110.0,54.9,339.0,68.9,102.0,68.5,72.1
06/25/2050,97.0,192.0,103.0,374.0,1680.0,260.0,67.1,468.0,254.0,60.3,249.0,55.1,67.5,59.4,58.0,4980.0,459.0,110.0,55.1,336.0,71.4,101.0,68.5,72.1
06/26/2050,101.0,192.0,111.0,374.0,319.0,259.0,64.8,544.0,246.0,60.3,248.0,54.6,65.5,59.6,58.0,4380.0,459.0,110.0,55.1,337.0,79.2,101.0,68.7,72.1
06/27/2050,104.0,192.0,108.0,344.0,339.0,259.0,60.7,960.0,246.0,60.3,246.0,54.6,56.4,60.8,57.9,3440.0,956.0,110.0,55.1,336.0,84.0,101.0,69.6,72.1
06/28/2050,104.0,191.0,119.0,292.0,1740.0,257.0,59.0,985.0,246.0,60.3,246.0,54.6,56.5,61.4,57.8,3430.0,1030.0,110.0,55.2,335.0,79.1,101.0,69.1,71.9
06/29/2050,104.0,189.0,106.0,292.0,3880.0,257.0,60.0,981.0,246.0,60.4,249.0,54.6,56.5,61.4,57.8,3440.0,958.0,151.0,55.3,335.0,72.8,102.0,69.0,71.6
06/30/2050,103.0,190.0,278.0,289.0,1960.0,257.0,57.6,565.0,210.0,88.7,247.0,54.8,56.4,61.7,57.5,3430.0,957.0,148.0,55.4,335.0,71.5,101.0,69.3,71.4
07/01/2050,103.0,190.0,190.0,289.0,398.0,258.0,55.6,553.0,207.0,120.0,243.0,54.8,56.1,68.0,57.6,1520.0,500.0,148.0,55.4,334.0,71.5,101.0,68.1,71.2
07/02/2050,103.0,192.0,299.0,291.0,425.0,257.0,56.3,1160.0,205.0,121.0,251.0,54.8,56.1,64.7,61.9,464.0,395.0,149.0,55.3,334.0,71.5,101.0,68.3,72.6
07/03/2050,103.0,192.0,229.0,292.0,420.0,257.0,59.4,1850.0,205.0,128.0,246.0,54.7,56.2,64.7,60.1,412.0,393.0,147.0,55.2,336.0,69.1,101.0,68.3,71.7
07/04/2050,101.0,192.0,1400.0,292.0,422.0,257.0,65.0,1890.0,205.0,128.0,244.0,54.7,56.3,65.1,60.1,414.0,455.0,147.0,55.6,335.0,65.9,101.0,68.2,70.6
07/05/2050,68.0,192.0,46900.0,294.0,423.0,257.0,91.0,1870.0,205.0,120.0,243.0,54.7,56.1,64.7,60.1,419.0,989.0,141.0,59.9,336.0,65.8,102.0,68.3,72.1
07/06/2050,51.0,192.0,49700.0,296.0,1630.0,257.0,95.8,2350.0,204.0,64.4,286.0,54.6,55.7,64.7,60.2,399.0,947.0,108.0,62.6,337.0,65.3,102.0,68.4,77.1
07/07/2050,55.0,192.0,22700.0,295.0,6240.0,259.0,95.7,2970.0,199.0,69.4,549.0,54.7,55.7,64.6,60.2,326.0,946.0,108.0,62.1,338.0,65.6,102.0,68.4,76.9
07/08/2050,59.0,193.0,11500.0,296.0,6250.0,258.0,76.5,2940.0,201.0,70.2,203.0,54.7,55.5,64.7,60.2,326.0,943.0,107.0,62.0,337.0,65.0,102.0,68.5,76.7
07/09/2050,59.0,194.0,7990.0,327.0,6230.0,257.0,65.2,1730.0,203.0,64.9,259.0,54.9,56.2,64.8,60.2,325.0,449.0,106.0,63.1,338.0,61.2,105.0,68.5,76.7
07/10/2050,60.0,195.0,6050.0,435.0,6230.0,257.0,62.8,1460.0,204.0,66.3,549.0,55.0,55.8,64.6,60.3,326.0,443.0,107.0,62.2,339.0,60.3,103.0,68.7,76.5
07/11/2050,60.0,197.0,4540.0,435.0,6210.0,257.0,61.1,4810.0,204.0,64.6,565.0,55.9,58.5,64.6,60.2,326.0,935.0,108.0,62.1,340.0,60.2,103.0,68.8,76.7
07/12/2050,51.0,197.0,3610.0,433.0,5300.0,252.0,55.6,4850.0,204.0,64.3,564.0,61.3,55.8,64.5,60.1,328.0,933.0,107.0,62.1,336.0,60.1,103.0,69.0,76.6
07/13/2050,51.0,198.0,3020.0,430.0,1080.0,222.0,51.7,2820.0,203.0,63.6,564.0,49.4,55.3,64.7,60.0,328.0,496.0,105.0,62.1,338.0,60.2,103.0,68.8,76.5
07/14/2050,53.0,198.0,2850.0,430.0,5970.0,207.0,51.2,538.0,200.0,62.6,565.0,51.7,55.5,64.6,60.2,328.0,402.0,104.0,62.4,337.0,60.1,103.0,69.1,76.8
07/15/2050,54.0,195.0,4180.0,431.0,5480.0,209.0,50.1,549.0,203.0,62.1,565.0,59.9,56.1,68.2,60.3,327.0,390.0,104.0,62.2,337.0,60.4,102.0,69.3,76.6
07/16/2050,55.0,195.0,5060.0,390.0,2310.0,210.0,46.4,1690.0,202.0,61.4,355.0,60.3,60.6,67.3,60.3,327.0,390.0,103.0,62.3,335.0,60.3,102.0,69.0,76.5
07/17/2050,55.0,195.0,4490.0,304.0,415.0,210.0,45.2,2230.0,203.0,61.7,259.0,60.2,69.4,73.2,60.5,327.0,390.0,103.0,62.2,337.0,60.6,101.0,69.1,76.2
07/18/2050,55.0,196.0,4290.0,303.0,412.0,210.0,38.7,1810.0,203.0,61.6,260.0,60.2,64.7,69.9,60.8,327.0,371.0,103.0,62.6,336.0,60.8,101.0,69.0,76.4
07/19/2050,55.0,198.0,3670.0,303.0,1230.0,208.0,38.0,1820.0,204.0,61.2,258.0,60.7,55.3,67.3,60.2,327.0,309.0,103.0,63.0,337.0,61.0,101.0,69.1,76.5
07/20/2050,55.0,199.0,2970.0,303.0,2000.0,212.0,38.0,1270.0,206.0,59.5,252.0,60.3,55.2,66.1,59.8,328.0,313.0,103.0,62.8,337.0,57.9,101.0,69.0,76.8
07/21/2050,56.0,199.0,2520.0,303.0,1840.0,210.0,38.0,247.0,206.0,59.4,249.0,60.4,55.0,65.6,60.0,328.0,297.0,103.0,62.3,336.0,57.7,101.0,68.4,77.1
07/22/2050,56.0,199.0,2190.0,304.0,730.0,208.0,38.2,219.0,204.0,59.3,247.0,60.4,54.7,65.5,60.1,327.0,318.0,103.0,61.9,312.0,57.6,101.0,68.6,76.9
07/23/2050,58.0,198.0,1970.0,304.0,369.0,208.0,38.0,210.0,204.0,59.4,248.0,60.3,51.4,65.4,59.8,326.0,324.0,103.0,61.5,201.0,57.6,101.0,68.9,77.0
07/24/2050,54.0,198.0,1820.0,304.0,391.0,211.0,38.0,210.0,209.0,59.4,247.0,59.8,55.2,65.3,59.9,323.0,324.0,103.0,61.5,199.0,57.8,100.0,69.0,76.7
07/25/2050,53.0,198.0,1680.0,304.0,387.0,207.0,38.4,205.0,206.0,59.9,246.0,59.5,55.7,65.1,59.7,322.0,326.0,103.0,59.1,198.0,58.6,100.0,69.1,76.8
07/26/2050,53.0,197.0,1560.0,304.0,451.0,206.0,42.9,202.0,203.0,58.9,246.0,59.6,55.3,65.1,59.7,322.0,322.0,103.0,55.3,199.0,58.6,99.4,69.1,76.8
07/27/2050,54.0,199.0,1440.0,306.0,696.0,208.0,46.7,312.0,203.0,58.7,246.0,59.6,54.7,65.2,59.6,305.0,320.0,103.0,55.2,198.0,58.9,98.8,68.6,76.7
07/28/2050,54.0,199.0,1360.0,305.0,499.0,209.0,46.6,378.0,203.0,60.3,247.0,59.8,55.0,65.2,59.6,276.0,318.0,102.0,55.5,198.0,60.8,98.7,68.6,76.8
07/29/2050,54.0,199.0,1280.0,304.0,487.0,213.0,47.5,376.0,203.0,60.2,246.0,59.8,55.8,65.0,59.6,276.0,317.0,102.0,55.4,198.0,61.3,97.2,68.9,76.9
07/30/2050,54.0,196.0,1230.0,304.0,486.0,226.0,47.9,1650.0,203.0,60.5,246.0,60.0,55.7,65.3,59.8,274.0,317.0,102.0,55.5,199.0,61.1,97.0,69.2,77.1
07/31/2050,57.0,196.0,1210.0,304.0,485.0,221.0,48.2,4130.0,203.0,60.2,245.0,59.6,55.8,65.0,59.7,274.0,318.0,101.0,55.7,197.0,60.7,96.9,68.5,77.1
08/01/2050,55.0,195.0,1180.0,304.0,483.0,222.0,50.7,5080.0,204.0,59.5,244.0,60.2,55.8,64.8,59.6,275.0,317.0,103.0,55.6,198.0,58.3,96.6,68.8,77.1
08/02/2050,56.0,195.0,1130.0,304.0,499.0,222.0,55.5,5350.0,205.0,58.5,241.0,63.9,55.7,64.7,59.4,273.0,308.0,105.0,55.7,198.0,59.4,96.6,72.8,77.1
08/03/2050,56.0,195.0,1100.0,302.0,577.0,220.0,57.7,5280.0,201.0,59.1,240.0,64.2,55.7,64.7,59.4,272.0,314.0,105.0,55.3,197.0,58.9,96.3,74.1,77.2
08/04/2050,56.0,196.0,1070.0,299.0,580.0,211.0,58.3,5220.0,199.0,62.2,240.0,64.1,55.5,64.5,59.4,273.0,315.0,105.0,55.2,198.0,59.3,96.3,72.1,77.2
08/05/2050,56.0,198.0,1030.0,299.0,580.0,211.0,58.3,5190.0,204.0,62.3,229.0,64.0,55.5,64.6,59.4,251.0,315.0,105.0,55.1,192.0,61.9,96.7,74.6,77.2
08/06/2050,56.0,152.0,998.0,298.0,575.0,211.0,58.4,5290.0,204.0,62.3,197.0,64.0,55.5,64.6,59.8,222.0,315.0,104.0,54.0,154.0,62.0,96.6,73.0,77.2
08/07/2050,57.0,120.0,964.0,254.0,491.0,210.0,59.2,5140.0,202.0,62.4,205.0,64.0,55.5,64.5,60.1,222.0,315.0,107.0,53.8,150.0,61.5,96.6,72.9,95.9
08/08/2050,57.0,119.0,941.0,208.0,491.0,209.0,59.9,4890.0,201.0,62.3,204.0,63.8,55.5,63.5,60.1,222.0,293.0,105.0,53.6,150.0,62.3,96.4,72.9,112.0
08/09/2050,59.0,116.0,942.0,208.0,503.0,208.0,60.9,4990.0,201.0,62.2,204.0,63.8,55.4,62.8,59.8,222.0,208.0,124.0,54.0,149.0,62.4,96.2,83.3,113.0
