dw_date,2006,2007,2008,2009,2010,2011,2012,2013,2014,2015,2016,2017,2018,2019,2020,2021,2022,2023
01/04/2050,393.0,589.0,538.0,187.0,283.0,324.0,211.0,215.0,220.0,568.0,1520.0,664.0,289.0,1040.0,324.0,247.0,167.0,210.0
01/05/2050,353.0,1290.0,527.0,212.0,311.0,304.0,171.0,232.0,219.0,341.0,858.0,656.0,250.0,791.0,300.0,245.0,173.0,212.0
01/06/2050,352.0,558.0,529.0,203.0,237.0,288.0,150.0,218.0,216.0,252.0,530.0,654.0,238.0,737.0,311.0,240.0,261.0,204.0
01/07/2050,366.0,374.0,525.0,211.0,256.0,278.0,145.0,217.0,230.0,218.0,436.0,654.0,251.0,729.0,359.0,241.0,275.0,202.0
01/08/2050,347.0,344.0,520.0,216.0,265.0,271.0,131.0,227.0,237.0,201.0,394.0,633.0,236.0,712.0,377.0,236.0,265.0,206.0
01/09/2050,344.0,298.0,526.0,194.0,264.0,425.0,133.0,853.0,231.0,197.0,350.0,630.0,288.0,677.0,378.0,233.0,263.0,205.0
01/10/2050,352.0,266.0,537.0,213.0,259.0,1980.0,149.0,4540.0,229.0,197.0,318.0,635.0,296.0,670.0,365.0,235.0,271.0,212.0
01/11/2050,336.0,252.0,589.0,225.0,266.0,785.0,169.0,1760.0,201.0,221.0,332.0,627.0,288.0,659.0,443.0,764.0,271.0,202.0
01/12/2050,333.0,251.0,608.0,225.0,262.0,581.0,171.0,536.0,194.0,387.0,336.0,571.0,255.0,753.0,802.0,561.0,259.0,202.0
01/13/2050,331.0,268.0,605.0,239.0,253.0,378.0,159.0,388.0,195.0,291.0,332.0,483.0,232.0,897.0,505.0,286.0,250.0,201.0
01/14/2050,308.0,557.0,607.0,232.0,256.0,305.0,157.0,334.0,197.0,227.0,319.0,482.0,224.0,734.0,429.0,232.0,251.0,196.0
01/15/2050,315.0,556.0,612.0,231.0,1810.0,274.0,153.0,319.0,168.0,185.0,322.0,475.0,225.0,689.0,401.0,214.0,252.0,190.0
01/16/2050,335.0,990.0,610.0,236.0,6650.0,769.0,153.0,290.0,150.0,150.0,322.0,580.0,258.0,669.0,388.0,208.0,189.0,194.0
01/17/2050,340.0,623.0,619.0,237.0,4380.0,1370.0,156.0,292.0,149.0,148.0,302.0,2190.0,238.0,670.0,550.0,198.0,225.0,198.0
01/18/2050,338.0,671.0,611.0,230.0,1150.0,603.0,162.0,287.0,148.0,143.0,263.0,1370.0,252.0,677.0,520.0,198.0,145.0,199.0
01/19/2050,337.0,487.0,605.0,236.0,759.0,508.0,154.0,288.0,162.0,146.0,250.0,1490.0,290.0,677.0,422.0,200.0,136.0,195.0
01/20/2050,337.0,367.0,604.0,243.0,625.0,468.0,152.0,270.0,153.0,143.0,246.0,1140.0,295.0,683.0,400.0,202.0,139.0,193.0
01/21/2050,328.0,382.0,601.0,246.0,573.0,422.0,151.0,268.0,159.0,157.0,230.0,802.0,290.0,678.0,386.0,200.0,134.0,192.0
01/22/2050,334.0,377.0,614.0,243.0,523.0,402.0,146.0,271.0,160.0,152.0,238.0,718.0,287.0,675.0,389.0,199.0,149.0,188.0
01/23/2050,360.0,333.0,622.0,241.0,501.0,380.0,148.0,274.0,155.0,2570.0,231.0,693.0,265.0,676.0,671.0,204.0,134.0,193.0
01/24/2050,374.0,363.0,600.0,241.0,476.0,381.0,156.0,270.0,162.0,1890.0,223.0,662.0,230.0,694.0,613.0,199.0,140.0,207.0
01/25/2050,344.0,1570.0,589.0,231.0,449.0,391.0,810.0,269.0,222.0,551.0,230.0,639.0,227.0,676.0,452.0,199.0,173.0,239.0
01/26/2050,343.0,941.0,589.0,233.0,440.0,380.0,5930.0,224.0,233.0,325.0,239.0,635.0,223.0,666.0,403.0,229.0,187.0,290.0
01/27/2050,340.0,503.0,586.0,243.0,423.0,322.0,2470.0,198.0,218.0,284.0,252.0,614.0,227.0,671.0,390.0,228.0,186.0,222.0
01/28/2050,267.0,384.0,581.0,238.0,410.0,288.0,596.0,200.0,197.0,249.0,314.0,606.0,266.0,846.0,364.0,227.0,168.0,198.0
01/29/2050,218.0,329.0,580.0,236.0,504.0,296.0,403.0,209.0,166.0,231.0,308.0,598.0,284.0,768.0,618.0,226.0,197.0,193.0
01/30/2050,240.0,314.0,572.0,236.0,1250.0,306.0,353.0,201.0,162.0,192.0,295.0,597.0,263.0,720.0,483.0,225.0,249.0,199.0
01/31/2050,236.0,303.0,557.0,233.0,678.0,301.0,428.0,193.0,154.0,169.0,293.0,600.0,229.0,732.0,374.0,223.0,260.0,204.0
02/01/2050,217.0,294.0,552.0,227.0,506.0,306.0,749.0,189.0,159.0,167.0,302.0,587.0,222.0,728.0,342.0,201.0,280.0,204.0
02/02/2050,204.0,288.0,551.0,232.0,474.0,489.0,467.0,186.0,158.0,224.0,312.0,529.0,217.0,713.0,334.0,210.0,282.0,536.0
02/03/2050,199.0,281.0,547.0,192.0,599.0,461.0,374.0,179.0,161.0,192.0,283.0,445.0,212.0,710.0,335.0,236.0,366.0,436.0
02/04/2050,200.0,272.0,552.0,178.0,5320.0,427.0,1110.0,225.0,166.0,203.0,229.0,439.0,213.0,713.0,336.0,234.0,2400.0,257.0
02/05/2050,190.0,272.0,555.0,176.0,4920.0,412.0,4690.0,255.0,163.0,252.0,224.0,443.0,222.0,711.0,331.0,233.0,1390.0,217.0
02/06/2050,208.0,274.0,547.0,170.0,1950.0,402.0,1990.0,223.0,163.0,249.0,215.0,445.0,271.0,711.0,322.0,226.0,524.0,209.0
02/07/2050,211.0,267.0,532.0,169.0,1070.0,372.0,691.0,256.0,156.0,238.0,207.0,449.0,284.0,715.0,324.0,227.0,376.0,204.0
02/08/2050,203.0,262.0,523.0,163.0,844.0,374.0,463.0,244.0,156.0,199.0,217.0,524.0,294.0,704.0,320.0,227.0,343.0,207.0
02/09/2050,197.0,259.0,523.0,171.0,920.0,364.0,388.0,237.0,152.0,172.0,227.0,547.0,290.0,690.0,315.0,229.0,336.0,317.0
02/10/2050,187.0,255.0,516.0,184.0,967.0,376.0,351.0,228.0,156.0,172.0,234.0,521.0,279.0,709.0,324.0,233.0,276.0,319.0
02/11/2050,187.0,248.0,517.0,186.0,755.0,392.0,373.0,236.0,163.0,166.0,230.0,409.0,276.0,736.0,362.0,230.0,291.0,236.0
02/12/2050,190.0,256.0,522.0,295.0,2730.0,366.0,453.0,241.0,179.0,163.0,231.0,400.0,279.0,721.0,366.0,722.0,301.0,211.0
02/13/2050,196.0,262.0,518.0,218.0,1940.0,358.0,365.0,239.0,186.0,154.0,228.0,409.0,284.0,639.0,783.0,547.0,293.0,203.0
02/14/2050,204.0,254.0,481.0,190.0,934.0,356.0,863.0,236.0,165.0,159.0,224.0,504.0,280.0,599.0,532.0,285.0,295.0,203.0
02/15/2050,201.0,248.0,442.0,168.0,764.0,310.0,635.0,233.0,161.0,155.0,227.0,2790.0,284.0,593.0,390.0,248.0,292.0,208.0
02/16/2050,182.0,242.0,445.0,163.0,684.0,268.0,401.0,241.0,160.0,156.0,232.0,1560.0,278.0,581.0,351.0,270.0,292.0,200.0
02/17/2050,183.0,246.0,464.0,171.0,798.0,266.0,339.0,232.0,166.0,178.0,275.0,781.0,267.0,569.0,344.0,337.0,294.0,196.0
02/18/2050,179.0,233.0,454.0,171.0,834.0,265.0,844.0,237.0,167.0,204.0,272.0,668.0,281.0,557.0,349.0,363.0,289.0,194.0
02/19/2050,178.0,228.0,454.0,174.0,608.0,265.0,3900.0,243.0,161.0,192.0,275.0,617.0,283.0,565.0,351.0,437.0,243.0,190.0
02/20/2050,184.0,248.0,490.0,176.0,566.0,259.0,1670.0,237.0,170.0,190.0,272.0,1570.0,236.0,544.0,364.0,417.0,177.0,190.0
02/21/2050,200.0,249.0,497.0,163.0,557.0,266.0,667.0,233.0,193.0,193.0,272.0,6740.0,216.0,539.0,380.0,336.0,190.0,193.0
02/22/2050,202.0,240.0,487.0,159.0,552.0,275.0,469.0,233.0,153.0,193.0,290.0,4180.0,232.0,531.0,377.0,288.0,181.0,192.0
02/23/2050,199.0,204.0,472.0,159.0,551.0,266.0,403.0,229.0,161.0,192.0,826.0,1310.0,382.0,527.0,366.0,272.0,233.0,185.0
02/24/2050,199.0,185.0,415.0,164.0,588.0,260.0,358.0,218.0,204.0,197.0,2630.0,940.0,4320.0,513.0,370.0,245.0,288.0,175.0
02/25/2050,194.0,171.0,416.0,159.0,593.0,262.0,331.0,224.0,175.0,196.0,1140.0,827.0,2110.0,500.0,373.0,199.0,293.0,173.0
02/26/2050,250.0,175.0,467.0,167.0,537.0,252.0,310.0,225.0,154.0,197.0,500.0,754.0,547.0,501.0,356.0,192.0,281.0,169.0
02/27/2050,272.0,182.0,466.0,167.0,523.0,258.0,301.0,227.0,162.0,197.0,387.0,725.0,469.0,486.0,353.0,184.0,275.0,169.0
02/28/2050,224.0,174.0,465.0,160.0,512.0,257.0,308.0,236.0,183.0,193.0,332.0,720.0,437.0,524.0,344.0,184.0,281.0,172.0
03/01/2050,196.0,171.0,461.0,150.0,564.0,257.0,318.0,208.0,160.0,195.0,319.0,699.0,427.0,561.0,336.0,183.0,288.0,171.0
03/02/2050,179.0,160.0,454.0,153.0,850.0,232.0,299.0,233.0,155.0,212.0,304.0,667.0,408.0,548.0,345.0,185.0,283.0,176.0
03/03/2050,174.0,152.0,461.0,167.0,618.0,233.0,294.0,225.0,153.0,222.0,298.0,622.0,394.0,549.0,355.0,183.0,282.0,170.0
03/04/2050,242.0,143.0,471.0,142.0,527.0,233.0,281.0,233.0,161.0,214.0,293.0,624.0,385.0,553.0,353.0,179.0,270.0,265.0
03/05/2050,268.0,151.0,460.0,123.0,500.0,230.0,275.0,214.0,154.0,217.0,280.0,1380.0,392.0,552.0,570.0,176.0,268.0,209.0
03/06/2050,269.0,176.0,458.0,126.0,478.0,225.0,275.0,169.0,148.0,234.0,277.0,1770.0,398.0,546.0,457.0,178.0,211.0,187.0
03/07/2050,278.0,172.0,475.0,121.0,469.0,226.0,234.0,168.0,141.0,220.0,283.0,972.0,375.0,539.0,374.0,205.0,176.0,184.0
03/08/2050,268.0,152.0,459.0,114.0,487.0,236.0,217.0,165.0,145.0,209.0,285.0,772.0,325.0,485.0,339.0,208.0,169.0,183.0
03/09/2050,259.0,126.0,390.0,114.0,593.0,229.0,215.0,160.0,156.0,457.0,433.0,687.0,287.0,477.0,335.0,208.0,176.0,180.0
03/10/2050,255.0,122.0,407.0,116.0,552.0,234.0,213.0,157.0,357.0,1570.0,2380.0,719.0,286.0,476.0,335.0,203.0,176.0,178.0
03/11/2050,251.0,116.0,772.0,137.0,504.0,218.0,348.0,273.0,291.0,981.0,1600.0,767.0,282.0,472.0,302.0,204.0,176.0,179.0
03/12/2050,251.0,657.0,666.0,193.0,481.0,213.0,931.0,251.0,358.0,379.0,1380.0,693.0,281.0,474.0,277.0,203.0,179.0,175.0
03/13/2050,252.0,3680.0,525.0,863.0,460.0,208.0,616.0,189.0,260.0,278.0,891.0,661.0,301.0,528.0,275.0,207.0,183.0,178.0
03/14/2050,254.0,6760.0,488.0,507.0,441.0,213.0,416.0,181.0,232.0,249.0,587.0,644.0,335.0,552.0,273.0,214.0,177.0,175.0
03/15/2050,240.0,6220.0,485.0,356.0,438.0,218.0,352.0,173.0,219.0,226.0,458.0,623.0,306.0,540.0,273.0,199.0,181.0,171.0
03/16/2050,237.0,1720.0,466.0,282.0,530.0,216.0,323.0,164.0,219.0,223.0,399.0,606.0,274.0,516.0,274.0,195.0,174.0,173.0
03/17/2050,243.0,847.0,450.0,247.0,1010.0,206.0,306.0,175.0,216.0,278.0,376.0,596.0,274.0,506.0,276.0,187.0,177.0,176.0
03/18/2050,245.0,666.0,444.0,245.0,654.0,207.0,305.0,175.0,218.0,352.0,365.0,587.0,273.0,506.0,273.0,181.0,186.0,448.0
03/19/2050,240.0,603.0,444.0,233.0,525.0,202.0,298.0,181.0,207.0,324.0,379.0,579.0,275.0,509.0,272.0,180.0,198.0,508.0
03/20/2050,487.0,562.0,444.0,230.0,514.0,194.0,763.0,184.0,211.0,275.0,589.0,585.0,284.0,502.0,303.0,178.0,193.0,343.0
03/21/2050,1120.0,513.0,434.0,222.0,1320.0,196.0,4000.0,170.0,185.0,621.0,437.0,580.0,275.0,497.0,535.0,176.0,186.0,238.0
03/22/2050,452.0,472.0,432.0,213.0,707.0,207.0,2050.0,158.0,146.0,3050.0,361.0,572.0,280.0,522.0,727.0,179.0,194.0,218.0
03/23/2050,331.0,454.0,425.0,217.0,558.0,213.0,685.0,169.0,140.0,1640.0,342.0,495.0,269.0,502.0,810.0,182.0,357.0,250.0
03/24/2050,304.0,444.0,404.0,190.0,507.0,209.0,453.0,171.0,144.0,591.0,350.0,439.0,265.0,466.0,477.0,580.0,327.0,219.0
03/25/2050,298.0,424.0,401.0,187.0,498.0,203.0,379.0,171.0,152.0,373.0,849.0,425.0,262.0,455.0,392.0,261.0,295.0,214.0
03/26/2050,283.0,426.0,398.0,168.0,904.0,206.0,342.0,172.0,177.0,323.0,509.0,407.0,266.0,455.0,362.0,193.0,278.0,214.0
03/27/2050,283.0,2040.0,389.0,178.0,524.0,195.0,324.0,152.0,310.0,291.0,375.0,415.0,318.0,435.0,343.0,180.0,274.0,207.0
03/28/2050,292.0,1910.0,392.0,192.0,430.0,199.0,314.0,179.0,337.0,265.0,343.0,426.0,711.0,424.0,333.0,175.0,270.0,214.0
03/29/2050,368.0,677.0,381.0,175.0,402.0,200.0,542.0,174.0,218.0,249.0,332.0,546.0,6870.0,356.0,323.0,177.0,286.0,211.0
03/30/2050,364.0,527.0,377.0,171.0,392.0,232.0,345.0,167.0,174.0,246.0,328.0,1770.0,10100.0,345.0,320.0,190.0,286.0,205.0
03/31/2050,316.0,3290.0,408.0,170.0,384.0,251.0,360.0,165.0,192.0,251.0,332.0,779.0,3230.0,338.0,316.0,210.0,284.0,205.0
04/01/2050,296.0,5980.0,435.0,162.0,372.0,253.0,306.0,170.0,155.0,244.0,328.0,494.0,800.0,335.0,313.0,217.0,284.0,216.0
04/02/2050,283.0,2750.0,469.0,191.0,363.0,255.0,296.0,247.0,147.0,250.0,350.0,467.0,514.0,330.0,311.0,206.0,238.0,208.0
04/03/2050,288.0,1640.0,446.0,188.0,359.0,252.0,305.0,393.0,150.0,230.0,320.0,1250.0,457.0,322.0,316.0,208.0,175.0,201.0
04/04/2050,290.0,840.0,443.0,180.0,357.0,255.0,299.0,1500.0,145.0,201.0,315.0,1080.0,432.0,288.0,402.0,205.0,264.0,212.0
04/05/2050,216.0,638.0,488.0,182.0,350.0,224.0,279.0,761.0,144.0,194.0,313.0,646.0,507.0,277.0,1580.0,206.0,233.0,210.0
04/06/2050,159.0,572.0,493.0,185.0,352.0,186.0,245.0,360.0,137.0,193.0,302.0,567.0,422.0,277.0,1640.0,204.0,188.0,221.0
04/07/2050,158.0,532.0,495.0,169.0,389.0,180.0,217.0,288.0,138.0,196.0,282.0,536.0,399.0,337.0,700.0,205.0,181.0,791.0
04/08/2050,162.0,543.0,503.0,147.0,369.0,173.0,213.0,271.0,151.0,196.0,260.0,510.0,376.0,1530.0,475.0,202.0,163.0,837.0
04/09/2050,141.0,887.0,475.0,132.0,329.0,181.0,209.0,261.0,184.0,220.0,258.0,508.0,366.0,975.0,404.0,176.0,147.0,734.0
04/10/2050,144.0,628.0,443.0,128.0,323.0,177.0,206.0,247.0,162.0,236.0,254.0,507.0,369.0,568.0,373.0,171.0,134.0,337.0
04/11/2050,152.0,542.0,445.0,125.0,319.0,181.0,204.0,220.0,147.0,735.0,262.0,523.0,307.0,494.0,360.0,171.0,151.0,263.0
04/12/2050,139.0,513.0,426.0,162.0,321.0,179.0,202.0,184.0,141.0,631.0,457.0,881.0,263.0,459.0,347.0,171.0,157.0,225.0
04/13/2050,139.0,489.0,410.0,196.0,336.0,165.0,205.0,161.0,133.0,772.0,448.0,1020.0,260.0,442.0,340.0,173.0,220.0,204.0
04/14/2050,137.0,522.0,404.0,183.0,330.0,174.0,211.0,160.0,132.0,2140.0,2080.0,611.0,282.0,556.0,320.0,176.0,239.0,196.0
04/15/2050,128.0,752.0,376.0,155.0,349.0,181.0,213.0,147.0,179.0,759.0,1090.0,531.0,574.0,515.0,311.0,178.0,214.0,186.0
04/16/2050,131.0,521.0,345.0,147.0,1460.0,161.0,208.0,163.0,192.0,376.0,497.0,461.0,344.0,464.0,305.0,179.0,199.0,211.0
04/17/2050,129.0,467.0,334.0,142.0,1680.0,156.0,208.0,204.0,154.0,492.0,396.0,450.0,265.0,453.0,304.0,181.0,198.0,205.0
04/18/2050,125.0,441.0,402.0,270.0,3760.0,157.0,194.0,207.0,136.0,490.0,466.0,496.0,250.0,633.0,303.0,180.0,197.0,188.0
04/19/2050,123.0,436.0,839.0,703.0,7030.0,175.0,195.0,189.0,135.0,379.0,1740.0,576.0,243.0,1220.0,302.0,176.0,206.0,185.0
04/20/2050,117.0,427.0,543.0,391.0,2570.0,175.0,196.0,167.0,176.0,312.0,1980.0,485.0,240.0,670.0,305.0,181.0,211.0,181.0
04/21/2050,117.0,419.0,488.0,274.0,1060.0,178.0,194.0,183.0,179.0,282.0,811.0,445.0,243.0,518.0,300.0,180.0,215.0,1010.0
04/22/2050,605.0,395.0,449.0,217.0,871.0,174.0,185.0,141.0,182.0,270.0,1020.0,433.0,239.0,495.0,298.0,175.0,225.0,3770.0
04/23/2050,309.0,395.0,464.0,177.0,777.0,162.0,184.0,143.0,184.0,768.0,956.0,420.0,241.0,490.0,293.0,175.0,218.0,2160.0
04/24/2050,242.0,408.0,463.0,171.0,799.0,164.0,186.0,133.0,187.0,849.0,514.0,411.0,241.0,533.0,308.0,388.0,215.0,2070.0
04/25/2050,227.0,775.0,439.0,174.0,1060.0,160.0,176.0,132.0,147.0,4400.0,427.0,401.0,234.0,715.0,290.0,355.0,212.0,1170.0
04/26/2050,210.0,2610.0,529.0,211.0,783.0,164.0,175.0,126.0,125.0,8500.0,418.0,395.0,252.0,744.0,277.0,221.0,380.0,519.0
04/27/2050,205.0,1020.0,701.0,238.0,674.0,168.0,172.0,127.0,124.0,8820.0,480.0,390.0,358.0,526.0,272.0,211.0,933.0,333.0
04/28/2050,202.0,584.0,498.0,211.0,625.0,161.0,171.0,1080.0,121.0,2680.0,912.0,354.0,261.0,444.0,274.0,213.0,360.0,343.0
04/29/2050,210.0,488.0,399.0,258.0,600.0,161.0,172.0,2060.0,125.0,903.0,581.0,332.0,234.0,427.0,336.0,608.0,267.0,579.0
04/30/2050,399.0,500.0,326.0,195.0,599.0,162.0,171.0,721.0,112.0,562.0,424.0,324.0,224.0,424.0,303.0,2860.0,244.0,830.0
05/01/2050,295.0,3440.0,341.0,161.0,595.0,148.0,177.0,903.0,110.0,465.0,766.0,327.0,230.0,421.0,243.0,3570.0,229.0,397.0
05/02/2050,247.0,3040.0,341.0,145.0,584.0,151.0,161.0,634.0,108.0,405.0,589.0,327.0,228.0,419.0,224.0,5840.0,223.0,260.0
05/03/2050,461.0,1220.0,338.0,128.0,553.0,156.0,163.0,722.0,104.0,379.0,415.0,297.0,229.0,484.0,217.0,7870.0,267.0,222.0
05/04/2050,721.0,1100.0,310.0,125.0,523.0,157.0,166.0,455.0,106.0,363.0,357.0,284.0,230.0,1430.0,212.0,4510.0,259.0,208.0
05/05/2050,903.0,724.0,294.0,130.0,497.0,150.0,158.0,307.0,104.0,345.0,330.0,278.0,475.0,2700.0,214.0,1750.0,228.0,189.0
05/06/2050,2630.0,605.0,297.0,120.0,478.0,161.0,166.0,274.0,111.0,327.0,314.0,269.0,717.0,1340.0,206.0,916.0,807.0,186.0
05/07/2050,2210.0,550.0,287.0,117.0,394.0,142.0,594.0,263.0,112.0,326.0,305.0,268.0,565.0,834.0,207.0,598.0,359.0,179.0
05/08/2050,1080.0,525.0,277.0,110.0,347.0,147.0,657.0,240.0,109.0,312.0,296.0,254.0,412.0,699.0,220.0,483.0,241.0,177.0
05/09/2050,481.0,500.0,264.0,85.7,334.0,157.0,1540.0,230.0,111.0,398.0,296.0,258.0,355.0,825.0,221.0,431.0,184.0,179.0
05/10/2050,355.0,484.0,257.0,104.0,326.0,151.0,1950.0,206.0,175.0,493.0,308.0,255.0,323.0,798.0,210.0,401.0,177.0,251.0
05/11/2050,306.0,583.0,242.0,113.0,329.0,128.0,2750.0,510.0,249.0,344.0,358.0,260.0,271.0,661.0,211.0,390.0,186.0,384.0
05/12/2050,274.0,620.0,237.0,101.0,322.0,127.0,4180.0,442.0,158.0,319.0,2640.0,255.0,231.0,732.0,217.0,536.0,182.0,271.0
05/13/2050,208.0,523.0,237.0,77.5,316.0,826.0,1370.0,305.0,942.0,460.0,2080.0,248.0,250.0,640.0,262.0,912.0,162.0,754.0
05/14/2050,141.0,479.0,238.0,104.0,328.0,571.0,558.0,269.0,6280.0,773.0,695.0,242.0,236.0,552.0,262.0,537.0,152.0,4040.0
05/15/2050,139.0,449.0,265.0,147.0,3630.0,277.0,878.0,239.0,2840.0,1090.0,505.0,240.0,226.0,616.0,683.0,411.0,140.0,3020.0
05/16/2050,139.0,429.0,326.0,173.0,7240.0,232.0,4420.0,229.0,479.0,2300.0,1680.0,243.0,221.0,708.0,540.0,406.0,141.0,906.0
05/17/2050,131.0,416.0,292.0,529.0,6780.0,211.0,3370.0,227.0,319.0,2260.0,3400.0,254.0,211.0,532.0,1060.0,500.0,158.0,1030.0
05/18/2050,122.0,356.0,253.0,425.0,2180.0,152.0,888.0,223.0,250.0,3600.0,3270.0,386.0,190.0,515.0,481.0,616.0,137.0,946.0
05/19/2050,120.0,328.0,242.0,267.0,1400.0,137.0,505.0,212.0,225.0,3810.0,7000.0,454.0,186.0,514.0,281.0,476.0,125.0,412.0
05/20/2050,107.0,316.0,245.0,225.0,1160.0,103.0,393.0,208.0,216.0,1300.0,11100.0,410.0,178.0,511.0,229.0,402.0,133.0,449.0
05/21/2050,106.0,315.0,231.0,205.0,1000.0,104.0,335.0,213.0,204.0,670.0,12900.0,335.0,869.0,504.0,214.0,371.0,133.0,1610.0
05/22/2050,181.0,343.0,225.0,206.0,919.0,110.0,320.0,170.0,197.0,891.0,7870.0,345.0,1070.0,477.0,210.0,339.0,109.0,1060.0
05/23/2050,160.0,369.0,220.0,203.0,861.0,105.0,301.0,149.0,164.0,688.0,2270.0,401.0,437.0,464.0,206.0,530.0,111.0,573.0
05/24/2050,101.0,322.0,230.0,340.0,817.0,104.0,251.0,137.0,146.0,3180.0,1450.0,383.0,317.0,453.0,196.0,718.0,112.0,366.0
05/25/2050,84.3,440.0,239.0,447.0,791.0,95.0,225.0,949.0,145.0,11500.0,1230.0,379.0,234.0,437.0,1040.0,1770.0,106.0,278.0
05/26/2050,79.7,2060.0,216.0,495.0,797.0,114.0,216.0,14600.0,266.0,9140.0,992.0,339.0,216.0,426.0,4020.0,704.0,495.0,317.0
05/27/2050,73.2,972.0,209.0,361.0,756.0,139.0,201.0,19100.0,3530.0,3430.0,902.0,281.0,189.0,372.0,2990.0,463.0,273.0,217.0
05/28/2050,74.9,1830.0,214.0,584.0,651.0,105.0,187.0,9140.0,5210.0,1510.0,844.0,265.0,182.0,389.0,1160.0,369.0,192.0,184.0
05/29/2050,431.0,1810.0,203.0,318.0,612.0,89.2,184.0,2700.0,1770.0,1300.0,811.0,263.0,194.0,364.0,1670.0,681.0,185.0,177.0
05/30/2050,211.0,1010.0,196.0,281.0,584.0,65.6,198.0,1700.0,487.0,2710.0,2590.0,317.0,195.0,353.0,818.0,1900.0,186.0,779.0
05/31/2050,158.0,725.0,189.0,259.0,560.0,83.0,181.0,971.0,368.0,2590.0,4920.0,1750.0,174.0,388.0,427.0,1530.0,168.0,930.0
06/01/2050,133.0,614.0,183.0,259.0,549.0,104.0,190.0,655.0,313.0,3130.0,6730.0,2350.0,171.0,500.0,367.0,993.0,171.0,359.0
06/02/2050,119.0,551.0,171.0,260.0,534.0,101.0,173.0,620.0,284.0,1840.0,5770.0,815.0,167.0,384.0,828.0,1360.0,159.0,286.0
06/03/2050,130.0,512.0,179.0,257.0,693.0,95.0,153.0,1130.0,256.0,1050.0,13400.0,501.0,163.0,349.0,471.0,821.0,147.0,314.0
06/04/2050,119.0,479.0,169.0,275.0,880.0,72.4,146.0,790.0,242.0,883.0,19000.0,451.0,165.0,347.0,428.0,2270.0,126.0,714.0
06/05/2050,106.0,526.0,167.0,265.0,655.0,74.4,158.0,520.0,220.0,763.0,16200.0,456.0,164.0,1410.0,311.0,2980.0,146.0,547.0
06/06/2050,104.0,471.0,169.0,244.0,609.0,71.4,171.0,456.0,176.0,661.0,11600.0,521.0,159.0,1990.0,260.0,1350.0,161.0,458.0
06/07/2050,106.0,435.0,168.0,238.0,576.0,87.0,178.0,340.0,155.0,584.0,7820.0,486.0,160.0,1140.0,241.0,987.0,163.0,881.0
06/08/2050,101.0,417.0,162.0,233.0,550.0,138.0,161.0,318.0,149.0,518.0,4550.0,430.0,157.0,920.0,192.0,639.0,141.0,694.0
06/09/2050,95.6,397.0,161.0,240.0,3790.0,91.4,165.0,395.0,199.0,486.0,3540.0,390.0,156.0,631.0,185.0,504.0,115.0,288.0
06/10/2050,93.2,379.0,145.0,236.0,3700.0,89.0,161.0,293.0,777.0,433.0,3120.0,369.0,149.0,567.0,175.0,441.0,99.9,221.0
06/11/2050,88.9,379.0,119.0,169.0,930.0,88.0,162.0,305.0,837.0,347.0,2790.0,339.0,150.0,557.0,168.0,417.0,102.0,204.0
06/12/2050,91.3,365.0,114.0,114.0,653.0,94.2,153.0,288.0,369.0,302.0,2500.0,265.0,142.0,496.0,155.0,400.0,94.4,199.0
06/13/2050,81.4,344.0,104.0,135.0,571.0,85.0,145.0,909.0,458.0,279.0,2310.0,257.0,133.0,485.0,153.0,373.0,95.6,197.0
06/14/2050,72.7,334.0,98.2,98.8,530.0,94.0,136.0,1890.0,1530.0,317.0,2160.0,238.0,132.0,460.0,144.0,356.0,98.1,185.0
06/15/2050,108.0,282.0,107.0,106.0,507.0,85.7,135.0,982.0,528.0,2650.0,2040.0,233.0,132.0,434.0,207.0,283.0,91.4,189.0
06/16/2050,121.0,274.0,108.0,129.0,426.0,82.4,135.0,694.0,304.0,3480.0,1920.0,216.0,135.0,455.0,227.0,256.0,86.8,184.0
06/17/2050,112.0,873.0,117.0,88.5,372.0,67.6,113.0,490.0,248.0,1220.0,1800.0,197.0,130.0,721.0,232.0,317.0,91.7,186.0
06/18/2050,175.0,2560.0,107.0,85.3,352.0,61.4,113.0,340.0,196.0,1820.0,1690.0,178.0,145.0,1980.0,214.0,255.0,93.3,178.0
06/19/2050,745.0,2090.0,100.0,99.3,356.0,64.5,118.0,256.0,153.0,4770.0,1590.0,174.0,148.0,928.0,193.0,244.0,86.1,180.0
06/20/2050,412.0,776.0,89.0,110.0,338.0,66.3,119.0,230.0,148.0,4070.0,1510.0,173.0,207.0,632.0,188.0,239.0,82.8,177.0
06/21/2050,293.0,2810.0,92.9,104.0,327.0,78.7,122.0,212.0,155.0,3040.0,1440.0,168.0,237.0,507.0,185.0,234.0,82.9,166.0
06/22/2050,266.0,3340.0,109.0,87.7,319.0,91.9,152.0,196.0,148.0,2100.0,1360.0,165.0,209.0,458.0,178.0,279.0,98.9,158.0
06/23/2050,249.0,1620.0,81.3,96.7,302.0,1380.0,122.0,187.0,135.0,2100.0,1280.0,161.0,178.0,693.0,159.0,966.0,85.0,159.0
06/24/2050,214.0,1030.0,98.3,132.0,297.0,558.0,97.8,189.0,145.0,1220.0,1190.0,177.0,169.0,494.0,840.0,403.0,80.1,158.0
06/25/2050,173.0,910.0,120.0,127.0,289.0,242.0,95.5,181.0,143.0,905.0,1150.0,315.0,152.0,1160.0,403.0,326.0,83.7,155.0
06/26/2050,160.0,807.0,145.0,143.0,281.0,205.0,104.0,155.0,1940.0,721.0,1100.0,322.0,140.0,1670.0,193.0,304.0,78.6,153.0
06/27/2050,172.0,715.0,99.0,122.0,276.0,189.0,103.0,125.0,2440.0,670.0,1060.0,497.0,130.0,867.0,225.0,293.0,77.1,149.0
06/28/2050,158.0,747.0,98.1,88.7,276.0,177.0,99.5,125.0,579.0,616.0,1040.0,501.0,122.0,855.0,215.0,304.0,109.0,144.0
06/29/2050,95.5,4540.0,137.0,87.5,290.0,126.0,93.3,121.0,289.0,557.0,991.0,406.0,134.0,910.0,165.0,337.0,409.0,141.0
06/30/2050,88.4,9170.0,178.0,87.2,368.0,81.0,99.5,132.0,236.0,519.0,953.0,297.0,121.0,937.0,180.0,969.0,769.0,139.0
07/01/2050,85.5,4970.0,166.0,84.7,407.0,76.7,92.3,189.0,221.0,882.0,911.0,271.0,116.0,2990.0,168.0,663.0,309.0,130.0
07/02/2050,130.0,1900.0,149.0,33.3,747.0,80.8,105.0,245.0,161.0,1540.0,890.0,252.0,114.0,2190.0,165.0,363.0,245.0,133.0
07/03/2050,203.0,1970.0,167.0,95.0,991.0,70.9,139.0,147.0,127.0,978.0,842.0,243.0,116.0,1120.0,158.0,256.0,224.0,131.0
07/04/2050,234.0,1930.0,297.0,111.0,794.0,67.9,148.0,143.0,111.0,660.0,774.0,237.0,113.0,833.0,155.0,239.0,203.0,131.0
07/05/2050,190.0,4170.0,449.0,112.0,515.0,64.7,118.0,142.0,116.0,557.0,725.0,232.0,157.0,760.0,153.0,241.0,196.0,127.0
07/06/2050,296.0,3720.0,324.0,109.0,442.0,74.3,104.0,137.0,98.0,489.0,719.0,227.0,462.0,729.0,142.0,340.0,175.0,135.0
07/07/2050,292.0,3970.0,196.0,121.0,415.0,64.0,98.2,139.0,103.0,466.0,618.0,190.0,457.0,691.0,125.0,3520.0,150.0,137.0
07/08/2050,296.0,6210.0,297.0,200.0,344.0,63.8,87.0,134.0,111.0,435.0,580.0,155.0,358.0,627.0,115.0,6100.0,97.0,144.0
07/09/2050,271.0,4810.0,621.0,152.0,319.0,61.8,96.0,168.0,106.0,413.0,549.0,149.0,327.0,550.0,115.0,2580.0,92.3,133.0
07/10/2050,242.0,2230.0,443.0,137.0,362.0,49.2,133.0,134.0,97.4,392.0,501.0,143.0,1120.0,521.0,117.0,2370.0,92.8,132.0
07/11/2050,250.0,1630.0,278.0,126.0,339.0,67.7,240.0,122.0,96.0,381.0,461.0,145.0,1810.0,494.0,116.0,3720.0,90.4,134.0
07/12/2050,243.0,1420.0,233.0,124.0,337.0,86.3,2700.0,110.0,106.0,351.0,432.0,161.0,577.0,457.0,129.0,2630.0,99.3,127.0
07/13/2050,224.0,1190.0,203.0,120.0,329.0,74.2,1870.0,95.8,96.5,261.0,390.0,158.0,332.0,379.0,186.0,1160.0,91.8,125.0
07/14/2050,211.0,1030.0,193.0,157.0,313.0,71.5,434.0,90.2,99.0,260.0,391.0,180.0,242.0,354.0,140.0,861.0,78.5,111.0
07/15/2050,150.0,1090.0,197.0,181.0,304.0,71.8,380.0,111.0,102.0,237.0,369.0,175.0,186.0,459.0,111.0,809.0,86.8,101.0
07/16/2050,90.4,3470.0,236.0,142.0,283.0,68.7,317.0,248.0,99.0,230.0,381.0,158.0,161.0,507.0,100.0,788.0,90.9,97.0
07/17/2050,82.5,2240.0,213.0,134.0,283.0,66.1,267.0,727.0,93.6,225.0,365.0,178.0,158.0,391.0,109.0,581.0,97.8,96.0
07/18/2050,86.9,1670.0,205.0,116.0,265.0,74.7,240.0,608.0,251.0,201.0,315.0,181.0,141.0,373.0,112.0,440.0,72.1,96.5
07/19/2050,83.7,2070.0,176.0,117.0,249.0,76.4,257.0,408.0,3130.0,187.0,307.0,159.0,129.0,319.0,110.0,410.0,79.5,94.5
07/20/2050,84.7,2120.0,173.0,122.0,248.0,71.7,402.0,263.0,1720.0,178.0,300.0,152.0,128.0,305.0,103.0,405.0,56.6,84.7
07/21/2050,97.2,3050.0,166.0,155.0,248.0,107.0,316.0,190.0,393.0,181.0,286.0,152.0,118.0,293.0,109.0,547.0,59.3,80.2
07/22/2050,96.7,5940.0,170.0,135.0,252.0,122.0,261.0,175.0,297.0,177.0,274.0,150.0,113.0,282.0,104.0,719.0,63.5,94.1
07/23/2050,96.1,8470.0,173.0,137.0,240.0,111.0,237.0,159.0,211.0,173.0,265.0,142.0,112.0,280.0,106.0,1080.0,58.8,86.5
07/24/2050,113.0,5960.0,213.0,132.0,250.0,89.9,228.0,133.0,146.0,169.0,262.0,140.0,111.0,269.0,103.0,1340.0,57.7,111.0
07/25/2050,113.0,8190.0,781.0,102.0,227.0,87.5,160.0,168.0,144.0,171.0,259.0,143.0,105.0,259.0,107.0,594.0,52.5,113.0
07/26/2050,112.0,13600.0,821.0,104.0,218.0,74.6,144.0,192.0,131.0,177.0,530.0,141.0,101.0,248.0,153.0,397.0,57.9,114.0
07/27/2050,104.0,13700.0,410.0,102.0,557.0,69.5,146.0,126.0,130.0,180.0,1360.0,139.0,99.3,245.0,416.0,322.0,49.2,154.0
07/28/2050,103.0,10100.0,302.0,101.0,786.0,71.1,102.0,120.0,126.0,162.0,1090.0,138.0,96.9,241.0,279.0,274.0,117.0,115.0
07/29/2050,88.1,7330.0,250.0,108.0,503.0,68.7,84.1,126.0,134.0,157.0,1040.0,136.0,93.6,239.0,223.0,236.0,94.4,85.3
07/30/2050,79.2,4820.0,204.0,138.0,410.0,67.3,91.1,110.0,120.0,158.0,447.0,134.0,95.1,236.0,209.0,234.0,63.1,65.1
07/31/2050,77.0,4140.0,193.0,139.0,273.0,73.8,106.0,102.0,120.0,159.0,327.0,135.0,102.0,235.0,201.0,232.0,46.3,64.3
08/01/2050,78.5,3830.0,169.0,121.0,245.0,84.2,101.0,94.4,114.0,171.0,296.0,139.0,122.0,228.0,197.0,228.0,48.3,63.8
08/02/2050,75.9,3220.0,148.0,130.0,229.0,94.9,85.3,89.2,109.0,148.0,276.0,136.0,236.0,224.0,160.0,226.0,60.6,63.3
08/03/2050,76.5,2830.0,140.0,149.0,218.0,87.2,76.4,89.6,106.0,142.0,256.0,136.0,121.0,215.0,148.0,1360.0,57.1,65.2
08/04/2050,74.1,2570.0,137.0,123.0,207.0,73.9,71.0,87.4,104.0,139.0,248.0,160.0,99.3,215.0,366.0,920.0,60.3,142.0
08/05/2050,68.4,2340.0,143.0,116.0,203.0,72.7,61.2,85.0,107.0,135.0,243.0,161.0,93.0,214.0,446.0,571.0,53.0,121.0
08/06/2050,69.6,2170.0,147.0,101.0,196.0,62.4,61.8,87.5,105.0,130.0,242.0,152.0,91.2,212.0,210.0,2080.0,55.5,60.7
08/07/2050,83.3,2030.0,232.0,121.0,197.0,66.7,89.0,84.0,105.0,124.0,252.0,177.0,92.9,208.0,183.0,1600.0,57.1,54.0
08/08/2050,196.0,1920.0,242.0,131.0,193.0,68.1,86.6,86.2,102.0,120.0,236.0,4670.0,91.8,204.0,167.0,732.0,59.4,63.6
08/09/2050,111.0,1780.0,181.0,123.0,192.0,81.8,64.6,80.1,108.0,127.0,235.0,6390.0,88.8,202.0,151.0,459.0,66.5,54.5
